Embedding Type,Round,Task,Hidden Layer Sizes,Epochs,Batch Size,Learning Rate,pair,Baseline,macro_precision,macro_recall,macro_f1,micro_precision,micro_recall,micro_f1,accuracy
Multimodal-X,Round 1,Reference Resolution,"[300, 150]",100.0,32.0,0.0001,pair04,Baseline,0.0310301439333697,0.0745182237117721,0.0384657881262295,0.1443298969072164,0.1443298969072164,0.1443298969072164,0.1443298969072164
Multimodal-X,Round 2,Reference Resolution,"[300, 150]",100.0,32.0,0.0001,pair04,Baseline,0.1011416861826697,0.1119260204081632,0.0894596474953618,0.171875,0.171875,0.171875,0.171875
Multimodal-X,Round 3,Reference Resolution,"[300, 150]",100.0,32.0,0.0001,pair04,Baseline,0.0496913580246913,0.0925925925925925,0.0609420928865373,0.1477272727272727,0.1477272727272727,0.1477272727272727,0.1477272727272727
Multimodal-X,Round 4,Reference Resolution,"[300, 150]",100.0,32.0,0.0001,pair04,Baseline,0.0846700083542188,0.1169590643274853,0.0906913749019012,0.2857142857142857,0.2857142857142857,0.2857142857142857,0.2857142857142857
Multimodal-X,Round 5,Reference Resolution,"[300, 150]",100.0,32.0,0.0001,pair04,Baseline,0.0588972431077694,0.0865248226950354,0.0635995210463295,0.1573033707865168,0.1573033707865168,0.1573033707865168,0.1573033707865168
Multimodal-X,Round 6,Reference Resolution,"[300, 150]",100.0,32.0,0.0001,pair04,Baseline,0.0509420289855072,0.1145833333333333,0.0701190476190476,0.1818181818181818,0.1818181818181818,0.1818181818181818,0.1818181818181818
Multimodal-X,Round 1,Reference Resolution,"[300, 150]",100.0,32.0,0.0001,pair05,Baseline,0.0,0.0,0.0,0.0,0.0,0.0,0.0
Multimodal-X,Round 2,Reference Resolution,"[300, 150]",100.0,32.0,0.0001,pair05,Baseline,0.03125,0.03125,0.03125,0.0555555555555555,0.0555555555555555,0.0555555555555555,0.0555555555555555
Multimodal-X,Round 3,Reference Resolution,"[300, 150]",100.0,32.0,0.0001,pair05,Baseline,0.0,0.0,0.0,0.0,0.0,0.0,0.0
Multimodal-X,Round 4,Reference Resolution,"[300, 150]",100.0,32.0,0.0001,pair05,Baseline,0.0333333333333333,0.1,0.05,0.1428571428571428,0.1428571428571428,0.1428571428571428,0.1428571428571428
Multimodal-X,Round 5,Reference Resolution,"[300, 150]",100.0,32.0,0.0001,pair05,Baseline,0.0,0.0,0.0,0.0,0.0,0.0,0.0
Multimodal-X,Round 6,Reference Resolution,"[300, 150]",100.0,32.0,0.0001,pair05,Baseline,0.0,0.0,0.0,0.0,0.0,0.0,0.0
Multimodal-X,Round 1,Reference Resolution,"[300, 150]",100.0,32.0,0.0001,pair07,Baseline,0.0238095238095238,0.0340136054421768,0.0263038548752834,0.0421052631578947,0.0421052631578947,0.0421052631578947,0.0421052631578947
Multimodal-X,Round 2,Reference Resolution,"[300, 150]",100.0,32.0,0.0001,pair07,Baseline,0.1149999999999999,0.1333333333333333,0.1087121212121212,0.1395348837209302,0.1395348837209302,0.1395348837209302,0.1395348837209302
Multimodal-X,Round 3,Reference Resolution,"[300, 150]",100.0,32.0,0.0001,pair07,Baseline,0.1742424242424242,0.2045454545454545,0.1742424242424242,0.2083333333333333,0.2083333333333333,0.2083333333333333,0.2083333333333333
Multimodal-X,Round 4,Reference Resolution,"[300, 150]",100.0,32.0,0.0001,pair07,Baseline,0.1180555555555555,0.125,0.1138888888888888,0.2105263157894736,0.2105263157894736,0.2105263157894736,0.2105263157894736
Multimodal-X,Round 5,Reference Resolution,"[300, 150]",100.0,32.0,0.0001,pair07,Baseline,0.0793650793650793,0.119047619047619,0.0904761904761904,0.1875,0.1875,0.1875,0.1875
Multimodal-X,Round 6,Reference Resolution,"[300, 150]",100.0,32.0,0.0001,pair07,Baseline,0.0,0.0,0.0,0.0,0.0,0.0,0.0
Multimodal-X,Round 1,Reference Resolution,"[300, 150]",100.0,32.0,0.0001,pair08,Baseline,0.1204004329004329,0.1114134542705971,0.1021431723522315,0.2281879194630872,0.2281879194630872,0.2281879194630872,0.2281879194630872
Multimodal-X,Round 2,Reference Resolution,"[300, 150]",100.0,32.0,0.0001,pair08,Baseline,0.1241134751773049,0.1252659574468085,0.114922564770589,0.25,0.25,0.25,0.25
Multimodal-X,Round 3,Reference Resolution,"[300, 150]",100.0,32.0,0.0001,pair08,Baseline,0.0603603603603603,0.1247401247401247,0.0806715806715806,0.2553191489361702,0.2553191489361702,0.2553191489361702,0.2553191489361702
Multimodal-X,Round 4,Reference Resolution,"[300, 150]",100.0,32.0,0.0001,pair08,Baseline,0.0744206773618538,0.0989304812834224,0.0783422459893048,0.2325581395348837,0.2325581395348837,0.2325581395348837,0.2325581395348837
Multimodal-X,Round 5,Reference Resolution,"[300, 150]",100.0,32.0,0.0001,pair08,Baseline,0.0529556650246305,0.1206896551724138,0.0723092998955068,0.1851851851851851,0.1851851851851851,0.1851851851851851,0.1851851851851851
Multimodal-X,Round 6,Reference Resolution,"[300, 150]",100.0,32.0,0.0001,pair08,Baseline,0.0833333333333333,0.0376984126984126,0.0434523809523809,0.1707317073170731,0.1707317073170731,0.1707317073170731,0.1707317073170731
Multimodal-X,Round 1,Reference Resolution,"[300, 150]",100.0,32.0,0.0001,pair09,Baseline,0.0584745762711864,0.0937853107344632,0.0564837234328759,0.1208791208791208,0.1208791208791208,0.1208791208791208,0.1208791208791208
Multimodal-X,Round 2,Reference Resolution,"[300, 150]",100.0,32.0,0.0001,pair09,Baseline,0.0484126984126984,0.1031746031746031,0.0507936507936507,0.1020408163265306,0.1020408163265306,0.1020408163265306,0.1020408163265306
Multimodal-X,Round 3,Reference Resolution,"[300, 150]",100.0,32.0,0.0001,pair09,Baseline,0.0125,0.025,0.0166666666666666,0.024390243902439,0.024390243902439,0.024390243902439,0.024390243902439
Multimodal-X,Round 4,Reference Resolution,"[300, 150]",100.0,32.0,0.0001,pair09,Baseline,0.0375,0.05,0.0416666666666666,0.0606060606060606,0.0606060606060606,0.0606060606060606,0.0606060606060606
Multimodal-X,Round 5,Reference Resolution,"[300, 150]",100.0,32.0,0.0001,pair09,Baseline,0.0769230769230769,0.1025641025641025,0.0854700854700854,0.1176470588235294,0.1176470588235294,0.1176470588235294,0.1176470588235294
Multimodal-X,Round 6,Reference Resolution,"[300, 150]",100.0,32.0,0.0001,pair09,Baseline,0.025,0.025,0.025,0.0344827586206896,0.0344827586206896,0.0344827586206896,0.0344827586206896
Multimodal-X,Round 1,Reference Resolution,"[300, 150]",100.0,32.0,0.0001,pair10,Baseline,0.0625,0.0833333333333333,0.0694444444444444,0.0833333333333333,0.0833333333333333,0.0833333333333333,0.0833333333333333
Multimodal-X,Round 2,Reference Resolution,"[300, 150]",100.0,32.0,0.0001,pair10,Baseline,0.1666666666666666,0.2222222222222222,0.1851851851851851,0.3333333333333333,0.3333333333333333,0.3333333333333333,0.3333333333333333
Multimodal-X,Round 3,Reference Resolution,"[300, 150]",100.0,32.0,0.0001,pair10,Baseline,0.0,0.0,0.0,0.0,0.0,0.0,0.0
Multimodal-X,Round 4,Reference Resolution,"[300, 150]",100.0,32.0,0.0001,pair10,Baseline,0.375,0.5,0.4166666666666666,0.5,0.5,0.5,0.5
Multimodal-X,Round 5,Reference Resolution,"[300, 150]",100.0,32.0,0.0001,pair10,Baseline,0.0,0.0,0.0,0.0,0.0,0.0,0.0
Multimodal-X,Round 6,Reference Resolution,"[300, 150]",100.0,32.0,0.0001,pair10,Baseline,0.25,0.5,0.3333333333333333,0.5,0.5,0.5,0.5
Multimodal-X,Round 1,Reference Resolution,"[300, 150]",100.0,32.0,0.0001,pair11,Baseline,0.013469387755102,0.0333333333333333,0.0178571428571428,0.0638297872340425,0.0638297872340425,0.0638297872340425,0.0638297872340425
Multimodal-X,Round 2,Reference Resolution,"[300, 150]",100.0,32.0,0.0001,pair11,Baseline,0.0,0.0,0.0,0.0,0.0,0.0,0.0
Multimodal-X,Round 3,Reference Resolution,"[300, 150]",100.0,32.0,0.0001,pair11,Baseline,0.0714285714285714,0.0714285714285714,0.0714285714285714,0.125,0.125,0.125,0.125
Multimodal-X,Round 4,Reference Resolution,"[300, 150]",100.0,32.0,0.0001,pair11,Baseline,0.0,0.0,0.0,0.0,0.0,0.0,0.0
Multimodal-X,Round 5,Reference Resolution,"[300, 150]",100.0,32.0,0.0001,pair11,Baseline,0.0,0.0,0.0,0.0,0.0,0.0,0.0
Multimodal-X,Round 6,Reference Resolution,"[300, 150]",100.0,32.0,0.0001,pair11,Baseline,0.0952380952380952,0.1071428571428571,0.0833333333333333,0.2,0.2,0.2,0.2
Multimodal-X,Round 1,Reference Resolution,"[300, 150]",100.0,32.0,0.0001,pair12,Baseline,0.0806451612903225,0.0591397849462365,0.0591397849462365,0.0909090909090909,0.0909090909090909,0.0909090909090909,0.0909090909090909
Multimodal-X,Round 2,Reference Resolution,"[300, 150]",100.0,32.0,0.0001,pair12,Baseline,0.2222222222222222,0.2222222222222222,0.2222222222222222,0.25,0.25,0.25,0.25
Multimodal-X,Round 3,Reference Resolution,"[300, 150]",100.0,32.0,0.0001,pair12,Baseline,0.0,0.0,0.0,0.0,0.0,0.0,0.0
Multimodal-X,Round 4,Reference Resolution,"[300, 150]",100.0,32.0,0.0001,pair12,Baseline,0.1666666666666666,0.0833333333333333,0.1111111111111111,0.2,0.2,0.2,0.2
Multimodal-X,Round 5,Reference Resolution,"[300, 150]",100.0,32.0,0.0001,pair12,Baseline,1.0,1.0,1.0,1.0,1.0,1.0,1.0
Multimodal-X,Round 1,Reference Resolution,"[300, 150]",100.0,32.0,0.0001,pair13,Baseline,0.056908250229135,0.0594161958568738,0.0511236706597991,0.1206896551724138,0.1206896551724138,0.1206896551724138,0.1206896551724138
Multimodal-X,Round 2,Reference Resolution,"[300, 150]",100.0,32.0,0.0001,pair13,Baseline,0.0755360623781676,0.0760233918128654,0.062907268170426,0.1388888888888889,0.1388888888888889,0.1388888888888889,0.1388888888888889
Multimodal-X,Round 3,Reference Resolution,"[300, 150]",100.0,32.0,0.0001,pair13,Baseline,0.0186813186813186,0.036734693877551,0.0247619047619047,0.0857142857142857,0.0857142857142857,0.0857142857142857,0.0857142857142857
Multimodal-X,Round 4,Reference Resolution,"[300, 150]",100.0,32.0,0.0001,pair13,Baseline,0.0114942528735632,0.0172413793103448,0.0137931034482758,0.037037037037037,0.037037037037037,0.037037037037037,0.037037037037037
Multimodal-X,Round 5,Reference Resolution,"[300, 150]",100.0,32.0,0.0001,pair13,Baseline,0.0668202764976958,0.0725806451612903,0.068100358422939,0.0967741935483871,0.0967741935483871,0.0967741935483871,0.0967741935483871
Multimodal-X,Round 6,Reference Resolution,"[300, 150]",100.0,32.0,0.0001,pair13,Baseline,0.05,0.104,0.0661176470588235,0.2142857142857142,0.2142857142857142,0.2142857142857142,0.2142857142857142
Multimodal-X,Round 1,Reference Resolution,"[300, 150]",100.0,32.0,0.0001,pair14,Baseline,0.0308778653040948,0.0669398907103825,0.0390365099381492,0.0695652173913043,0.0695652173913043,0.0695652173913043,0.0695652173913043
Multimodal-X,Round 2,Reference Resolution,"[300, 150]",100.0,32.0,0.0001,pair14,Baseline,0.1041666666666666,0.0823717948717948,0.0774891774891774,0.102803738317757,0.102803738317757,0.102803738317757,0.102803738317757
Multimodal-X,Round 3,Reference Resolution,"[300, 150]",100.0,32.0,0.0001,pair14,Baseline,0.0679411764705882,0.0946428571428571,0.0670454545454545,0.1034482758620689,0.1034482758620689,0.1034482758620689,0.1034482758620689
Multimodal-X,Round 4,Reference Resolution,"[300, 150]",100.0,32.0,0.0001,pair14,Baseline,0.0661157024793388,0.103030303030303,0.0782828282828282,0.1351351351351351,0.1351351351351351,0.1351351351351351,0.1351351351351351
Multimodal-X,Round 5,Reference Resolution,"[300, 150]",100.0,32.0,0.0001,pair14,Baseline,0.0555555555555555,0.08008658008658,0.0625,0.2444444444444444,0.2444444444444444,0.2444444444444444,0.2444444444444444
Multimodal-X,Round 6,Reference Resolution,"[300, 150]",100.0,32.0,0.0001,pair14,Baseline,0.0745798319327731,0.0833333333333333,0.0698340874811462,0.15625,0.15625,0.15625,0.15625
Multimodal-X,Round 1,Reference Resolution,"[300, 150]",100.0,32.0,0.0001,pair15,Baseline,0.0342362792574656,0.0492772108843537,0.0267646551374172,0.0544217687074829,0.0544217687074829,0.0544217687074829,0.0544217687074829
Multimodal-X,Round 2,Reference Resolution,"[300, 150]",100.0,32.0,0.0001,pair15,Baseline,0.0346169354838709,0.0638888888888888,0.0316498316498316,0.0636363636363636,0.0636363636363636,0.0636363636363636,0.0636363636363636
Multimodal-X,Round 3,Reference Resolution,"[300, 150]",100.0,32.0,0.0001,pair15,Baseline,0.1145833333333333,0.1296296296296296,0.1124074074074074,0.25,0.25,0.25,0.25
Multimodal-X,Round 4,Reference Resolution,"[300, 150]",100.0,32.0,0.0001,pair15,Baseline,0.0569444444444444,0.1416666666666666,0.0785714285714285,0.1923076923076923,0.1923076923076923,0.1923076923076923,0.1923076923076923
Multimodal-X,Round 5,Reference Resolution,"[300, 150]",100.0,32.0,0.0001,pair15,Baseline,0.0089285714285714,0.0214285714285714,0.0126050420168067,0.1071428571428571,0.1071428571428571,0.1071428571428571,0.1071428571428571
Multimodal-X,Round 6,Reference Resolution,"[300, 150]",100.0,32.0,0.0001,pair15,Baseline,0.0227272727272727,0.0909090909090909,0.0363636363636363,0.1,0.1,0.1,0.1
Multimodal-X,Round 1,Reference Resolution,"[300, 150]",100.0,32.0,0.0001,pair16,Baseline,0.0954621401989823,0.1439014202172097,0.0899205083415609,0.1777777777777777,0.1777777777777777,0.1777777777777777,0.1777777777777777
Multimodal-X,Round 2,Reference Resolution,"[300, 150]",100.0,32.0,0.0001,pair16,Baseline,0.1059394409937888,0.2010869565217391,0.1252933057280883,0.208955223880597,0.208955223880597,0.208955223880597,0.208955223880597
Multimodal-X,Round 3,Reference Resolution,"[300, 150]",100.0,32.0,0.0001,pair16,Baseline,0.1403846153846153,0.2115384615384615,0.1606837606837606,0.25,0.25,0.25,0.25
Multimodal-X,Round 4,Reference Resolution,"[300, 150]",100.0,32.0,0.0001,pair16,Baseline,0.1021825396825396,0.1785714285714285,0.1166666666666666,0.2083333333333333,0.2083333333333333,0.2083333333333333,0.2083333333333333
Multimodal-X,Round 5,Reference Resolution,"[300, 150]",100.0,32.0,0.0001,pair16,Baseline,0.0615384615384615,0.0615384615384615,0.0615384615384615,0.3076923076923077,0.3076923076923077,0.3076923076923077,0.3076923076923077
Multimodal-X,Round 6,Reference Resolution,"[300, 150]",100.0,32.0,0.0001,pair16,Baseline,0.0,0.0,0.0,0.0,0.0,0.0,0.0
Multimodal-X,Round 1,Reference Resolution,"[300, 150]",100.0,32.0,0.0001,pair17,Baseline,0.0940934065934065,0.0825320512820513,0.0788461538461538,0.1125,0.1125,0.1125,0.1125
Multimodal-X,Round 2,Reference Resolution,"[300, 150]",100.0,32.0,0.0001,pair17,Baseline,0.02,0.04,0.0266666666666666,0.0434782608695652,0.0434782608695652,0.0434782608695652,0.0434782608695652
Multimodal-X,Round 3,Reference Resolution,"[300, 150]",100.0,32.0,0.0001,pair17,Baseline,0.2,0.2,0.2,0.5,0.5,0.5,0.5
Multimodal-X,Round 4,Reference Resolution,"[300, 150]",100.0,32.0,0.0001,pair17,Baseline,0.1666666666666666,0.3333333333333333,0.2222222222222222,0.4,0.4,0.4,0.4
Multimodal-X,Round 5,Reference Resolution,"[300, 150]",100.0,32.0,0.0001,pair17,Baseline,0.0,0.0,0.0,0.0,0.0,0.0,0.0
Multimodal-X,Round 1,Reference Resolution,"[300, 150]",100.0,32.0,0.0001,pair18,Baseline,0.0330882352941176,0.0514705882352941,0.0317460317460317,0.0833333333333333,0.0833333333333333,0.0833333333333333,0.0833333333333333
Multimodal-X,Round 2,Reference Resolution,"[300, 150]",100.0,32.0,0.0001,pair18,Baseline,0.12,0.08,0.0933333333333333,0.12,0.12,0.12,0.12
Multimodal-X,Round 3,Reference Resolution,"[300, 150]",100.0,32.0,0.0001,pair18,Baseline,0.2424242424242424,0.2272727272727272,0.2303030303030303,0.375,0.375,0.375,0.375
Multimodal-X,Round 4,Reference Resolution,"[300, 150]",100.0,32.0,0.0001,pair18,Baseline,0.0175438596491228,0.0175438596491228,0.0175438596491228,0.1052631578947368,0.1052631578947368,0.1052631578947368,0.1052631578947368
Multimodal-X,Round 5,Reference Resolution,"[300, 150]",100.0,32.0,0.0001,pair18,Baseline,0.1041666666666666,0.125,0.1111111111111111,0.2222222222222222,0.2222222222222222,0.2222222222222222,0.2222222222222222
Multimodal-X,Round 6,Reference Resolution,"[300, 150]",100.0,32.0,0.0001,pair18,Baseline,0.1298701298701298,0.1454545454545454,0.1363636363636363,0.3076923076923077,0.3076923076923077,0.3076923076923077,0.3076923076923077
Multimodal-X,Round 1,Reference Resolution,"[300, 150]",100.0,32.0,0.0001,pair20,Baseline,0.0370211813425109,0.0687134502923976,0.0440600335337177,0.064516129032258,0.064516129032258,0.064516129032258,0.064516129032258
Multimodal-X,Round 2,Reference Resolution,"[300, 150]",100.0,32.0,0.0001,pair20,Baseline,0.1162280701754385,0.1447368421052631,0.113157894736842,0.1777777777777777,0.1777777777777777,0.1777777777777777,0.1777777777777777
Multimodal-X,Round 3,Reference Resolution,"[300, 150]",100.0,32.0,0.0001,pair20,Baseline,0.0476190476190476,0.0476190476190476,0.0476190476190476,0.074074074074074,0.074074074074074,0.074074074074074,0.074074074074074
Multimodal-X,Round 4,Reference Resolution,"[300, 150]",100.0,32.0,0.0001,pair20,Baseline,0.0588235294117647,0.0588235294117647,0.0588235294117647,0.0909090909090909,0.0909090909090909,0.0909090909090909,0.0909090909090909
Multimodal-X,Round 5,Reference Resolution,"[300, 150]",100.0,32.0,0.0001,pair20,Baseline,0.03125,0.0625,0.0416666666666666,0.0833333333333333,0.0833333333333333,0.0833333333333333,0.0833333333333333
Multimodal-X,Round 6,Reference Resolution,"[300, 150]",100.0,32.0,0.0001,pair20,Baseline,0.0,0.0,0.0,0.0,0.0,0.0,0.0
Multimodal-X,Round 1,Reference Resolution,"[300, 150]",100.0,32.0,0.0001,pair21,Baseline,0.0083333333333333,0.025,0.0125,0.088235294117647,0.088235294117647,0.088235294117647,0.088235294117647
Multimodal-X,Round 2,Reference Resolution,"[300, 150]",100.0,32.0,0.0001,pair21,Baseline,0.0677083333333333,0.0416666666666666,0.0442708333333333,0.131578947368421,0.131578947368421,0.131578947368421,0.131578947368421
Multimodal-X,Round 3,Reference Resolution,"[300, 150]",100.0,32.0,0.0001,pair21,Baseline,0.0192307692307692,0.0219780219780219,0.0205128205128205,0.125,0.125,0.125,0.125
Multimodal-X,Round 4,Reference Resolution,"[300, 150]",100.0,32.0,0.0001,pair21,Baseline,0.0263157894736842,0.0526315789473684,0.0350877192982456,0.1764705882352941,0.1764705882352941,0.1764705882352941,0.1764705882352941
Multimodal-X,Round 6,Reference Resolution,"[300, 150]",100.0,32.0,0.0001,pair21,Baseline,0.0303030303030303,0.0454545454545454,0.0363636363636363,0.125,0.125,0.125,0.125
Multimodal-X,Round 1,Reference Resolution,"[300, 150]",100.0,32.0,0.0001,pair22,Baseline,0.0881469979296066,0.1600596760443307,0.1011387163561076,0.2235294117647059,0.2235294117647059,0.2235294117647059,0.2235294117647059
Multimodal-X,Round 2,Reference Resolution,"[300, 150]",100.0,32.0,0.0001,pair22,Baseline,0.0905844155844155,0.1063311688311688,0.0867044505202399,0.1690140845070422,0.1690140845070422,0.1690140845070422,0.1690140845070422
Multimodal-X,Round 3,Reference Resolution,"[300, 150]",100.0,32.0,0.0001,pair22,Baseline,0.0654761904761904,0.0935374149659863,0.0718954248366013,0.1296296296296296,0.1296296296296296,0.1296296296296296,0.1296296296296296
Multimodal-X,Round 4,Reference Resolution,"[300, 150]",100.0,32.0,0.0001,pair22,Baseline,0.074074074074074,0.1587301587301587,0.0924803591470258,0.2068965517241379,0.2068965517241379,0.2068965517241379,0.2068965517241379
Multimodal-X,Round 5,Reference Resolution,"[300, 150]",100.0,32.0,0.0001,pair22,Baseline,0.0654761904761904,0.0892857142857142,0.0738095238095238,0.1071428571428571,0.1071428571428571,0.1071428571428571,0.1071428571428571
Multimodal-X,Round 6,Reference Resolution,"[300, 150]",100.0,32.0,0.0001,pair22,Baseline,0.1026666666666666,0.0833333333333333,0.0744126984126984,0.1724137931034483,0.1724137931034483,0.1724137931034483,0.1724137931034483
Multimodal-X,Round 1,Reference Resolution,"[300, 150]",100.0,32.0,0.0001,pair23,Baseline,0.0696853741496598,0.1006944444444444,0.0693716675859533,0.1931818181818181,0.1931818181818181,0.1931818181818181,0.1931818181818181
Multimodal-X,Round 2,Reference Resolution,"[300, 150]",100.0,32.0,0.0001,pair23,Baseline,0.0976808176100628,0.1513027852650494,0.1085123517445092,0.203883495145631,0.203883495145631,0.203883495145631,0.203883495145631
Multimodal-X,Round 3,Reference Resolution,"[300, 150]",100.0,32.0,0.0001,pair23,Baseline,0.1011299435028248,0.1268618387262454,0.0996121970904939,0.2111111111111111,0.2111111111111111,0.2111111111111111,0.2111111111111111
Multimodal-X,Round 4,Reference Resolution,"[300, 150]",100.0,32.0,0.0001,pair23,Baseline,0.0916666666666666,0.1633333333333333,0.1112727272727272,0.2142857142857142,0.2142857142857142,0.2142857142857142,0.2142857142857142
Multimodal-X,Round 5,Reference Resolution,"[300, 150]",100.0,32.0,0.0001,pair23,Baseline,0.0868197278911564,0.1751700680272108,0.1109815354713314,0.2615384615384615,0.2615384615384615,0.2615384615384615,0.2615384615384615
Multimodal-X,Round 6,Reference Resolution,"[300, 150]",100.0,32.0,0.0001,pair23,Baseline,0.0911458333333333,0.0951388888888888,0.0866071428571428,0.1764705882352941,0.1764705882352941,0.1764705882352941,0.1764705882352941
Multimodal-X,Round 1,Reference Resolution,"[300, 150]",100.0,32.0,0.0001,pair24,Baseline,0.1100989653621232,0.0962555962555962,0.0789648622981956,0.1428571428571428,0.1428571428571428,0.1428571428571428,0.1428571428571428
Multimodal-X,Round 2,Reference Resolution,"[300, 150]",100.0,32.0,0.0001,pair24,Baseline,0.0493827160493827,0.0246913580246913,0.0308641975308641,0.05,0.05,0.05,0.05
Multimodal-X,Round 3,Reference Resolution,"[300, 150]",100.0,32.0,0.0001,pair24,Baseline,0.0,0.0,0.0,0.0,0.0,0.0,0.0
Multimodal-X,Round 4,Reference Resolution,"[300, 150]",100.0,32.0,0.0001,pair24,Baseline,0.0,0.0,0.0,0.0,0.0,0.0,0.0
Multimodal-X,Round 1,Reference Resolution,"[300, 150]",100.0,32.0,0.0001,pair04,Dialogue-Specific,0.0521143941447546,0.0852360005585812,0.0579119718489952,0.1546391752577319,0.1546391752577319,0.1546391752577319,0.1546391752577319
Multimodal-X,Round 2,Reference Resolution,"[300, 150]",100.0,32.0,0.0001,pair04,Dialogue-Specific,0.0997527972937809,0.1125212585034013,0.0835072665429808,0.15625,0.15625,0.15625,0.15625
Multimodal-X,Round 3,Reference Resolution,"[300, 150]",100.0,32.0,0.0001,pair04,Dialogue-Specific,0.0686307519640853,0.1086419753086419,0.0749956772832589,0.1818181818181818,0.1818181818181818,0.1818181818181818,0.1818181818181818
Multimodal-X,Round 4,Reference Resolution,"[300, 150]",100.0,32.0,0.0001,pair04,Dialogue-Specific,0.1292517006802721,0.1580357142857142,0.1313945578231292,0.3076923076923077,0.3076923076923077,0.3076923076923077,0.3076923076923077
Multimodal-X,Round 5,Reference Resolution,"[300, 150]",100.0,32.0,0.0001,pair04,Dialogue-Specific,0.0633680555555555,0.0997685185185185,0.072516835016835,0.1685393258426966,0.1685393258426966,0.1685393258426966,0.1685393258426966
Multimodal-X,Round 6,Reference Resolution,"[300, 150]",100.0,32.0,0.0001,pair04,Dialogue-Specific,0.0456487956487956,0.1196581196581196,0.0650578179989944,0.1969696969696969,0.1969696969696969,0.1969696969696969,0.1969696969696969
Multimodal-X,Round 1,Reference Resolution,"[300, 150]",100.0,32.0,0.0001,pair05,Dialogue-Specific,0.0144927536231884,0.0434782608695652,0.0217391304347826,0.0416666666666666,0.0416666666666666,0.0416666666666666,0.0416666666666666
Multimodal-X,Round 2,Reference Resolution,"[300, 150]",100.0,32.0,0.0001,pair05,Dialogue-Specific,0.0285714285714285,0.0285714285714285,0.0285714285714285,0.0555555555555555,0.0555555555555555,0.0555555555555555,0.0555555555555555
Multimodal-X,Round 3,Reference Resolution,"[300, 150]",100.0,32.0,0.0001,pair05,Dialogue-Specific,0.0,0.0,0.0,0.0,0.0,0.0,0.0
Multimodal-X,Round 4,Reference Resolution,"[300, 150]",100.0,32.0,0.0001,pair05,Dialogue-Specific,0.0333333333333333,0.1,0.05,0.1428571428571428,0.1428571428571428,0.1428571428571428,0.1428571428571428
Multimodal-X,Round 5,Reference Resolution,"[300, 150]",100.0,32.0,0.0001,pair05,Dialogue-Specific,0.0,0.0,0.0,0.0,0.0,0.0,0.0
Multimodal-X,Round 6,Reference Resolution,"[300, 150]",100.0,32.0,0.0001,pair05,Dialogue-Specific,0.0,0.0,0.0,0.0,0.0,0.0,0.0
Multimodal-X,Round 1,Reference Resolution,"[300, 150]",100.0,32.0,0.0001,pair07,Dialogue-Specific,0.0569444444444444,0.0520833333333333,0.0465686274509803,0.0631578947368421,0.0631578947368421,0.0631578947368421,0.0631578947368421
Multimodal-X,Round 2,Reference Resolution,"[300, 150]",100.0,32.0,0.0001,pair07,Dialogue-Specific,0.0827777777777777,0.1375,0.0925,0.1395348837209302,0.1395348837209302,0.1395348837209302,0.1395348837209302
Multimodal-X,Round 3,Reference Resolution,"[300, 150]",100.0,32.0,0.0001,pair07,Dialogue-Specific,0.1739130434782608,0.1521739130434782,0.1594202898550724,0.1666666666666666,0.1666666666666666,0.1666666666666666,0.1666666666666666
Multimodal-X,Round 4,Reference Resolution,"[300, 150]",100.0,32.0,0.0001,pair07,Dialogue-Specific,0.0909090909090909,0.1363636363636363,0.106060606060606,0.2105263157894736,0.2105263157894736,0.2105263157894736,0.2105263157894736
Multimodal-X,Round 5,Reference Resolution,"[300, 150]",100.0,32.0,0.0001,pair07,Dialogue-Specific,0.1833333333333333,0.225,0.195,0.3125,0.3125,0.3125,0.3125
Multimodal-X,Round 6,Reference Resolution,"[300, 150]",100.0,32.0,0.0001,pair07,Dialogue-Specific,0.0,0.0,0.0,0.0,0.0,0.0,0.0
Multimodal-X,Round 1,Reference Resolution,"[300, 150]",100.0,32.0,0.0001,pair08,Dialogue-Specific,0.1121014964216005,0.1158205619412515,0.0949776277362484,0.2214765100671141,0.2214765100671141,0.2214765100671141,0.2214765100671141
Multimodal-X,Round 2,Reference Resolution,"[300, 150]",100.0,32.0,0.0001,pair08,Dialogue-Specific,0.0844381313131313,0.0796875,0.0756330309901738,0.2083333333333333,0.2083333333333333,0.2083333333333333,0.2083333333333333
Multimodal-X,Round 3,Reference Resolution,"[300, 150]",100.0,32.0,0.0001,pair08,Dialogue-Specific,0.0491143317230273,0.1047008547008547,0.066358024691358,0.2765957446808511,0.2765957446808511,0.2765957446808511,0.2765957446808511
Multimodal-X,Round 4,Reference Resolution,"[300, 150]",100.0,32.0,0.0001,pair08,Dialogue-Specific,0.1088709677419354,0.1251221896383186,0.1123399897593446,0.3023255813953488,0.3023255813953488,0.3023255813953488,0.3023255813953488
Multimodal-X,Round 5,Reference Resolution,"[300, 150]",100.0,32.0,0.0001,pair08,Dialogue-Specific,0.157312925170068,0.25,0.1866883116883117,0.4074074074074074,0.4074074074074074,0.4074074074074074,0.4074074074074074
Multimodal-X,Round 6,Reference Resolution,"[300, 150]",100.0,32.0,0.0001,pair08,Dialogue-Specific,0.0953703703703703,0.1141975308641975,0.0788888888888888,0.2439024390243902,0.2439024390243902,0.2439024390243902,0.2439024390243902
Multimodal-X,Round 1,Reference Resolution,"[300, 150]",100.0,32.0,0.0001,pair09,Dialogue-Specific,0.0750208855472013,0.1140350877192982,0.0706693203597228,0.1318681318681318,0.1318681318681318,0.1318681318681318,0.1318681318681318
Multimodal-X,Round 2,Reference Resolution,"[300, 150]",100.0,32.0,0.0001,pair09,Dialogue-Specific,0.0713178294573643,0.1240310077519379,0.0725359911406423,0.1224489795918367,0.1224489795918367,0.1224489795918367,0.1224489795918367
Multimodal-X,Round 3,Reference Resolution,"[300, 150]",100.0,32.0,0.0001,pair09,Dialogue-Specific,0.0256410256410256,0.0128205128205128,0.017094017094017,0.024390243902439,0.024390243902439,0.024390243902439,0.024390243902439
Multimodal-X,Round 4,Reference Resolution,"[300, 150]",100.0,32.0,0.0001,pair09,Dialogue-Specific,0.1052631578947368,0.1052631578947368,0.1008771929824561,0.1515151515151515,0.1515151515151515,0.1515151515151515,0.1515151515151515
Multimodal-X,Round 5,Reference Resolution,"[300, 150]",100.0,32.0,0.0001,pair09,Dialogue-Specific,0.1666666666666666,0.2105263157894736,0.1798245614035087,0.2352941176470588,0.2352941176470588,0.2352941176470588,0.2352941176470588
Multimodal-X,Round 6,Reference Resolution,"[300, 150]",100.0,32.0,0.0001,pair09,Dialogue-Specific,0.0263157894736842,0.0263157894736842,0.0263157894736842,0.0344827586206896,0.0344827586206896,0.0344827586206896,0.0344827586206896
Multimodal-X,Round 1,Reference Resolution,"[300, 150]",100.0,32.0,0.0001,pair10,Dialogue-Specific,0.0961538461538461,0.0897435897435897,0.0833333333333333,0.125,0.125,0.125,0.125
Multimodal-X,Round 2,Reference Resolution,"[300, 150]",100.0,32.0,0.0001,pair10,Dialogue-Specific,0.1666666666666666,0.2222222222222222,0.1851851851851851,0.3333333333333333,0.3333333333333333,0.3333333333333333,0.3333333333333333
Multimodal-X,Round 3,Reference Resolution,"[300, 150]",100.0,32.0,0.0001,pair10,Dialogue-Specific,0.1428571428571428,0.1428571428571428,0.1428571428571428,0.25,0.25,0.25,0.25
Multimodal-X,Round 4,Reference Resolution,"[300, 150]",100.0,32.0,0.0001,pair10,Dialogue-Specific,0.375,0.5,0.4166666666666666,0.5,0.5,0.5,0.5
Multimodal-X,Round 5,Reference Resolution,"[300, 150]",100.0,32.0,0.0001,pair10,Dialogue-Specific,1.0,1.0,1.0,1.0,1.0,1.0,1.0
Multimodal-X,Round 6,Reference Resolution,"[300, 150]",100.0,32.0,0.0001,pair10,Dialogue-Specific,0.25,0.5,0.3333333333333333,0.5,0.5,0.5,0.5
Multimodal-X,Round 1,Reference Resolution,"[300, 150]",100.0,32.0,0.0001,pair11,Dialogue-Specific,0.0143382352941176,0.0364583333333333,0.0189144736842105,0.0638297872340425,0.0638297872340425,0.0638297872340425,0.0638297872340425
Multimodal-X,Round 2,Reference Resolution,"[300, 150]",100.0,32.0,0.0001,pair11,Dialogue-Specific,0.0,0.0,0.0,0.0,0.0,0.0,0.0
Multimodal-X,Round 3,Reference Resolution,"[300, 150]",100.0,32.0,0.0001,pair11,Dialogue-Specific,0.0714285714285714,0.0714285714285714,0.0714285714285714,0.125,0.125,0.125,0.125
Multimodal-X,Round 4,Reference Resolution,"[300, 150]",100.0,32.0,0.0001,pair11,Dialogue-Specific,0.1,0.05,0.0666666666666666,0.1428571428571428,0.1428571428571428,0.1428571428571428,0.1428571428571428
Multimodal-X,Round 5,Reference Resolution,"[300, 150]",100.0,32.0,0.0001,pair11,Dialogue-Specific,0.0,0.0,0.0,0.0,0.0,0.0,0.0
Multimodal-X,Round 6,Reference Resolution,"[300, 150]",100.0,32.0,0.0001,pair11,Dialogue-Specific,0.1071428571428571,0.1071428571428571,0.0952380952380952,0.2,0.2,0.2,0.2
Multimodal-X,Round 1,Reference Resolution,"[300, 150]",100.0,32.0,0.0001,pair12,Dialogue-Specific,0.0075757575757575,0.0303030303030303,0.0121212121212121,0.0303030303030303,0.0303030303030303,0.0303030303030303,0.0303030303030303
Multimodal-X,Round 2,Reference Resolution,"[300, 150]",100.0,32.0,0.0001,pair12,Dialogue-Specific,0.2,0.2,0.2,0.25,0.25,0.25,0.25
Multimodal-X,Round 3,Reference Resolution,"[300, 150]",100.0,32.0,0.0001,pair12,Dialogue-Specific,0.0,0.0,0.0,0.0,0.0,0.0,0.0
Multimodal-X,Round 4,Reference Resolution,"[300, 150]",100.0,32.0,0.0001,pair12,Dialogue-Specific,0.1666666666666666,0.1666666666666666,0.1666666666666666,0.4,0.4,0.4,0.4
Multimodal-X,Round 5,Reference Resolution,"[300, 150]",100.0,32.0,0.0001,pair12,Dialogue-Specific,1.0,1.0,1.0,1.0,1.0,1.0,1.0
Multimodal-X,Round 1,Reference Resolution,"[300, 150]",100.0,32.0,0.0001,pair13,Dialogue-Specific,0.0535978835978836,0.0710185185185185,0.0530287155287155,0.1149425287356321,0.1149425287356321,0.1149425287356321,0.1149425287356321
Multimodal-X,Round 2,Reference Resolution,"[300, 150]",100.0,32.0,0.0001,pair13,Dialogue-Specific,0.0647534013605442,0.088860544217687,0.0506192220477934,0.1481481481481481,0.1481481481481481,0.1481481481481481,0.1481481481481481
Multimodal-X,Round 3,Reference Resolution,"[300, 150]",100.0,32.0,0.0001,pair13,Dialogue-Specific,0.0455182072829131,0.0812324929971988,0.0544817927170868,0.1714285714285714,0.1714285714285714,0.1714285714285714,0.1714285714285714
Multimodal-X,Round 4,Reference Resolution,"[300, 150]",100.0,32.0,0.0001,pair13,Dialogue-Specific,0.0517241379310344,0.0344827586206896,0.0402298850574712,0.074074074074074,0.074074074074074,0.074074074074074,0.074074074074074
Multimodal-X,Round 5,Reference Resolution,"[300, 150]",100.0,32.0,0.0001,pair13,Dialogue-Specific,0.14,0.1833333333333333,0.1539682539682539,0.2258064516129032,0.2258064516129032,0.2258064516129032,0.2258064516129032
Multimodal-X,Round 6,Reference Resolution,"[300, 150]",100.0,32.0,0.0001,pair13,Dialogue-Specific,0.205922865013774,0.2863636363636364,0.2333333333333333,0.3928571428571428,0.3928571428571428,0.3928571428571428,0.3928571428571428
Multimodal-X,Round 1,Reference Resolution,"[300, 150]",100.0,32.0,0.0001,pair14,Dialogue-Specific,0.0846045197740112,0.0833333333333333,0.0673543472147659,0.0956521739130434,0.0956521739130434,0.0956521739130434,0.0956521739130434
Multimodal-X,Round 2,Reference Resolution,"[300, 150]",100.0,32.0,0.0001,pair14,Dialogue-Specific,0.0974295870932458,0.0877358490566037,0.0754281358054942,0.1214953271028037,0.1214953271028037,0.1214953271028037,0.1214953271028037
Multimodal-X,Round 3,Reference Resolution,"[300, 150]",100.0,32.0,0.0001,pair14,Dialogue-Specific,0.0446460516227958,0.0769656699889258,0.0511275546159267,0.0862068965517241,0.0862068965517241,0.0862068965517241,0.0862068965517241
Multimodal-X,Round 4,Reference Resolution,"[300, 150]",100.0,32.0,0.0001,pair14,Dialogue-Specific,0.0943304007820136,0.1419354838709677,0.1046466973886328,0.1621621621621621,0.1621621621621621,0.1621621621621621,0.1621621621621621
Multimodal-X,Round 5,Reference Resolution,"[300, 150]",100.0,32.0,0.0001,pair14,Dialogue-Specific,0.125,0.1242559523809523,0.1165364583333333,0.2888888888888888,0.2888888888888888,0.2888888888888888,0.2888888888888888
Multimodal-X,Round 6,Reference Resolution,"[300, 150]",100.0,32.0,0.0001,pair14,Dialogue-Specific,0.0678733031674208,0.0637254901960784,0.0614035087719298,0.1875,0.1875,0.1875,0.1875
Multimodal-X,Round 1,Reference Resolution,"[300, 150]",100.0,32.0,0.0001,pair15,Dialogue-Specific,0.0382253711201079,0.0443191311612364,0.0301967038809144,0.0680272108843537,0.0680272108843537,0.0680272108843537,0.0680272108843537
Multimodal-X,Round 2,Reference Resolution,"[300, 150]",100.0,32.0,0.0001,pair15,Dialogue-Specific,0.0178057889822595,0.0472222222222222,0.0211507936507936,0.0545454545454545,0.0545454545454545,0.0545454545454545,0.0545454545454545
Multimodal-X,Round 3,Reference Resolution,"[300, 150]",100.0,32.0,0.0001,pair15,Dialogue-Specific,0.1070691434468524,0.1169590643274853,0.1045883940620782,0.2083333333333333,0.2083333333333333,0.2083333333333333,0.2083333333333333
Multimodal-X,Round 4,Reference Resolution,"[300, 150]",100.0,32.0,0.0001,pair15,Dialogue-Specific,0.0784722222222222,0.15,0.0958333333333333,0.2307692307692307,0.2307692307692307,0.2307692307692307,0.2307692307692307
Multimodal-X,Round 5,Reference Resolution,"[300, 150]",100.0,32.0,0.0001,pair15,Dialogue-Specific,0.0238095238095238,0.0689655172413793,0.0353901996370235,0.2142857142857142,0.2142857142857142,0.2142857142857142,0.2142857142857142
Multimodal-X,Round 6,Reference Resolution,"[300, 150]",100.0,32.0,0.0001,pair15,Dialogue-Specific,0.125,0.1111111111111111,0.1166666666666666,0.2,0.2,0.2,0.2
Multimodal-X,Round 1,Reference Resolution,"[300, 150]",100.0,32.0,0.0001,pair16,Dialogue-Specific,0.0698868741321571,0.1278077268643306,0.0722072476789457,0.1666666666666666,0.1666666666666666,0.1666666666666666,0.1666666666666666
Multimodal-X,Round 2,Reference Resolution,"[300, 150]",100.0,32.0,0.0001,pair16,Dialogue-Specific,0.1074603174603174,0.1777777777777777,0.1187654320987654,0.1641791044776119,0.1641791044776119,0.1641791044776119,0.1641791044776119
Multimodal-X,Round 3,Reference Resolution,"[300, 150]",100.0,32.0,0.0001,pair16,Dialogue-Specific,0.0592592592592592,0.1388888888888889,0.0784832451499118,0.2142857142857142,0.2142857142857142,0.2142857142857142,0.2142857142857142
Multimodal-X,Round 4,Reference Resolution,"[300, 150]",100.0,32.0,0.0001,pair16,Dialogue-Specific,0.1152210884353741,0.2142857142857142,0.1363095238095238,0.25,0.25,0.25,0.25
Multimodal-X,Round 5,Reference Resolution,"[300, 150]",100.0,32.0,0.0001,pair16,Dialogue-Specific,0.1285714285714286,0.0928571428571428,0.1047619047619047,0.3846153846153846,0.3846153846153846,0.3846153846153846,0.3846153846153846
Multimodal-X,Round 6,Reference Resolution,"[300, 150]",100.0,32.0,0.0001,pair16,Dialogue-Specific,0.0,0.0,0.0,0.0,0.0,0.0,0.0
Multimodal-X,Round 1,Reference Resolution,"[300, 150]",100.0,32.0,0.0001,pair17,Dialogue-Specific,0.0835200746965452,0.0841503267973856,0.072922502334267,0.1125,0.1125,0.1125,0.1125
Multimodal-X,Round 2,Reference Resolution,"[300, 150]",100.0,32.0,0.0001,pair17,Dialogue-Specific,0.0192307692307692,0.0192307692307692,0.0192307692307692,0.0434782608695652,0.0434782608695652,0.0434782608695652,0.0434782608695652
Multimodal-X,Round 3,Reference Resolution,"[300, 150]",100.0,32.0,0.0001,pair17,Dialogue-Specific,0.2,0.2,0.2,0.5,0.5,0.5,0.5
Multimodal-X,Round 4,Reference Resolution,"[300, 150]",100.0,32.0,0.0001,pair17,Dialogue-Specific,0.1666666666666666,0.3333333333333333,0.2222222222222222,0.4,0.4,0.4,0.4
Multimodal-X,Round 5,Reference Resolution,"[300, 150]",100.0,32.0,0.0001,pair17,Dialogue-Specific,0.0,0.0,0.0,0.0,0.0,0.0,0.0
Multimodal-X,Round 1,Reference Resolution,"[300, 150]",100.0,32.0,0.0001,pair18,Dialogue-Specific,0.03515625,0.0703125,0.0407986111111111,0.1041666666666666,0.1041666666666666,0.1041666666666666,0.1041666666666666
Multimodal-X,Round 2,Reference Resolution,"[300, 150]",100.0,32.0,0.0001,pair18,Dialogue-Specific,0.0769230769230769,0.0576923076923076,0.0641025641025641,0.08,0.08,0.08,0.08
Multimodal-X,Round 3,Reference Resolution,"[300, 150]",100.0,32.0,0.0001,pair18,Dialogue-Specific,0.2234848484848484,0.2045454545454545,0.2022727272727272,0.2916666666666667,0.2916666666666667,0.2916666666666667,0.2916666666666667
Multimodal-X,Round 4,Reference Resolution,"[300, 150]",100.0,32.0,0.0001,pair18,Dialogue-Specific,0.0214285714285714,0.025,0.023076923076923,0.1578947368421052,0.1578947368421052,0.1578947368421052,0.1578947368421052
Multimodal-X,Round 5,Reference Resolution,"[300, 150]",100.0,32.0,0.0001,pair18,Dialogue-Specific,0.1041666666666666,0.125,0.1111111111111111,0.2222222222222222,0.2222222222222222,0.2222222222222222,0.2222222222222222
Multimodal-X,Round 6,Reference Resolution,"[300, 150]",100.0,32.0,0.0001,pair18,Dialogue-Specific,0.1363636363636363,0.1454545454545454,0.140495867768595,0.3076923076923077,0.3076923076923077,0.3076923076923077,0.3076923076923077
Multimodal-X,Round 1,Reference Resolution,"[300, 150]",100.0,32.0,0.0001,pair20,Dialogue-Specific,0.0296139359698681,0.0564971751412429,0.0357382730264086,0.0564516129032258,0.0564516129032258,0.0564516129032258,0.0564516129032258
Multimodal-X,Round 2,Reference Resolution,"[300, 150]",100.0,32.0,0.0001,pair20,Dialogue-Specific,0.0931623931623931,0.1666666666666666,0.1043956043956043,0.2,0.2,0.2,0.2
Multimodal-X,Round 3,Reference Resolution,"[300, 150]",100.0,32.0,0.0001,pair20,Dialogue-Specific,0.03125,0.03125,0.03125,0.037037037037037,0.037037037037037,0.037037037037037,0.037037037037037
Multimodal-X,Round 4,Reference Resolution,"[300, 150]",100.0,32.0,0.0001,pair20,Dialogue-Specific,0.0555555555555555,0.1333333333333333,0.0777777777777777,0.1818181818181818,0.1818181818181818,0.1818181818181818,0.1818181818181818
Multimodal-X,Round 5,Reference Resolution,"[300, 150]",100.0,32.0,0.0001,pair20,Dialogue-Specific,0.03125,0.0625,0.0416666666666666,0.0833333333333333,0.0833333333333333,0.0833333333333333,0.0833333333333333
Multimodal-X,Round 6,Reference Resolution,"[300, 150]",100.0,32.0,0.0001,pair20,Dialogue-Specific,0.5,0.5,0.5,0.6666666666666666,0.6666666666666666,0.6666666666666666,0.6666666666666666
Multimodal-X,Round 1,Reference Resolution,"[300, 150]",100.0,32.0,0.0001,pair21,Dialogue-Specific,0.0076923076923076,0.025,0.0117647058823529,0.088235294117647,0.088235294117647,0.088235294117647,0.088235294117647
Multimodal-X,Round 2,Reference Resolution,"[300, 150]",100.0,32.0,0.0001,pair21,Dialogue-Specific,0.038095238095238,0.0666666666666666,0.0462962962962962,0.131578947368421,0.131578947368421,0.131578947368421,0.131578947368421
Multimodal-X,Round 3,Reference Resolution,"[300, 150]",100.0,32.0,0.0001,pair21,Dialogue-Specific,0.0285714285714285,0.0408163265306122,0.0336134453781512,0.25,0.25,0.25,0.25
Multimodal-X,Round 4,Reference Resolution,"[300, 150]",100.0,32.0,0.0001,pair21,Dialogue-Specific,0.0416666666666666,0.1111111111111111,0.0592592592592592,0.2352941176470588,0.2352941176470588,0.2352941176470588,0.2352941176470588
Multimodal-X,Round 6,Reference Resolution,"[300, 150]",100.0,32.0,0.0001,pair21,Dialogue-Specific,0.0303030303030303,0.0454545454545454,0.0363636363636363,0.125,0.125,0.125,0.125
Multimodal-X,Round 1,Reference Resolution,"[300, 150]",100.0,32.0,0.0001,pair22,Dialogue-Specific,0.1171428571428571,0.1543572984749455,0.1115343915343915,0.2352941176470588,0.2352941176470588,0.2352941176470588,0.2352941176470588
Multimodal-X,Round 2,Reference Resolution,"[300, 150]",100.0,32.0,0.0001,pair22,Dialogue-Specific,0.0533157663592446,0.0993788819875776,0.0657553798858146,0.1690140845070422,0.1690140845070422,0.1690140845070422,0.1690140845070422
Multimodal-X,Round 3,Reference Resolution,"[300, 150]",100.0,32.0,0.0001,pair22,Dialogue-Specific,0.0535714285714285,0.0691609977324262,0.057487922705314,0.1296296296296296,0.1296296296296296,0.1296296296296296,0.1296296296296296
Multimodal-X,Round 4,Reference Resolution,"[300, 150]",100.0,32.0,0.0001,pair22,Dialogue-Specific,0.1666666666666666,0.2647619047619047,0.1812121212121211,0.3103448275862069,0.3103448275862069,0.3103448275862069,0.3103448275862069
Multimodal-X,Round 5,Reference Resolution,"[300, 150]",100.0,32.0,0.0001,pair22,Dialogue-Specific,0.0611111111111111,0.0833333333333333,0.0688888888888888,0.1071428571428571,0.1071428571428571,0.1071428571428571,0.1071428571428571
Multimodal-X,Round 6,Reference Resolution,"[300, 150]",100.0,32.0,0.0001,pair22,Dialogue-Specific,0.1574074074074074,0.1284722222222222,0.1263888888888888,0.2068965517241379,0.2068965517241379,0.2068965517241379,0.2068965517241379
Multimodal-X,Round 1,Reference Resolution,"[300, 150]",100.0,32.0,0.0001,pair23,Dialogue-Specific,0.0559443371943371,0.1200396825396825,0.0704968944099379,0.1818181818181818,0.1818181818181818,0.1818181818181818,0.1818181818181818
Multimodal-X,Round 2,Reference Resolution,"[300, 150]",100.0,32.0,0.0001,pair23,Dialogue-Specific,0.0546594709638187,0.1072727272727272,0.0658406458406458,0.145631067961165,0.145631067961165,0.145631067961165,0.145631067961165
Multimodal-X,Round 3,Reference Resolution,"[300, 150]",100.0,32.0,0.0001,pair23,Dialogue-Specific,0.104337431693989,0.1145057128663686,0.0927327850698037,0.2111111111111111,0.2111111111111111,0.2111111111111111,0.2111111111111111
Multimodal-X,Round 4,Reference Resolution,"[300, 150]",100.0,32.0,0.0001,pair23,Dialogue-Specific,0.0836666666666666,0.15,0.1012820512820512,0.1785714285714285,0.1785714285714285,0.1785714285714285,0.1785714285714285
Multimodal-X,Round 5,Reference Resolution,"[300, 150]",100.0,32.0,0.0001,pair23,Dialogue-Specific,0.1568466993998908,0.2464539007092198,0.1811144883485309,0.3230769230769231,0.3230769230769231,0.3230769230769231,0.3230769230769231
Multimodal-X,Round 6,Reference Resolution,"[300, 150]",100.0,32.0,0.0001,pair23,Dialogue-Specific,0.0574959150326797,0.0923611111111111,0.0660984848484848,0.1764705882352941,0.1764705882352941,0.1764705882352941,0.1764705882352941
Multimodal-X,Round 1,Reference Resolution,"[300, 150]",100.0,32.0,0.0001,pair24,Dialogue-Specific,0.0873316498316498,0.0646935626102292,0.0497574955908289,0.1298701298701298,0.1298701298701298,0.1298701298701298,0.1298701298701298
Multimodal-X,Round 2,Reference Resolution,"[300, 150]",100.0,32.0,0.0001,pair24,Dialogue-Specific,0.0535714285714285,0.0238095238095238,0.0321428571428571,0.05,0.05,0.05,0.05
Multimodal-X,Round 3,Reference Resolution,"[300, 150]",100.0,32.0,0.0001,pair24,Dialogue-Specific,0.2,0.2,0.2,0.25,0.25,0.25,0.25
Multimodal-X,Round 4,Reference Resolution,"[300, 150]",100.0,32.0,0.0001,pair24,Dialogue-Specific,0.125,0.0625,0.0833333333333333,0.1666666666666666,0.1666666666666666,0.1666666666666666,0.1666666666666666
Unimodal,Round 1,Reference Resolution,"[300, 150]",100.0,32.0,0.0001,pair04,Baseline,0.0193725053374176,0.0248745963031677,0.0184088411997101,0.0773195876288659,0.0773195876288659,0.0773195876288659,0.0773195876288659
Unimodal,Round 2,Reference Resolution,"[300, 150]",100.0,32.0,0.0001,pair04,Baseline,0.0239171374764595,0.045409604519774,0.0266221537407978,0.078125,0.078125,0.078125,0.078125
Unimodal,Round 3,Reference Resolution,"[300, 150]",100.0,32.0,0.0001,pair04,Baseline,0.0240928882438316,0.050314465408805,0.0302879841112214,0.0568181818181818,0.0568181818181818,0.0568181818181818,0.0568181818181818
Unimodal,Round 4,Reference Resolution,"[300, 150]",100.0,32.0,0.0001,pair04,Baseline,0.026065742167437,0.0305084745762711,0.0276982904101548,0.0769230769230769,0.0769230769230769,0.0769230769230769,0.0769230769230769
Unimodal,Round 5,Reference Resolution,"[300, 150]",100.0,32.0,0.0001,pair04,Baseline,0.0441538461538461,0.0661111111111111,0.0487731092436974,0.1123595505617977,0.1123595505617977,0.1123595505617977,0.1123595505617977
Unimodal,Round 6,Reference Resolution,"[300, 150]",100.0,32.0,0.0001,pair04,Baseline,0.063953488372093,0.0581395348837209,0.0581395348837209,0.1515151515151515,0.1515151515151515,0.1515151515151515,0.1515151515151515
Unimodal,Round 1,Reference Resolution,"[300, 150]",100.0,32.0,0.0001,pair05,Baseline,0.064,0.0433333333333333,0.0466666666666666,0.1666666666666666,0.1666666666666666,0.1666666666666666,0.1666666666666666
Unimodal,Round 2,Reference Resolution,"[300, 150]",100.0,32.0,0.0001,pair05,Baseline,0.0,0.0,0.0,0.0,0.0,0.0,0.0
Unimodal,Round 3,Reference Resolution,"[300, 150]",100.0,32.0,0.0001,pair05,Baseline,0.0,0.0,0.0,0.0,0.0,0.0,0.0
Unimodal,Round 4,Reference Resolution,"[300, 150]",100.0,32.0,0.0001,pair05,Baseline,0.0,0.0,0.0,0.0,0.0,0.0,0.0
Unimodal,Round 5,Reference Resolution,"[300, 150]",100.0,32.0,0.0001,pair05,Baseline,0.074074074074074,0.1111111111111111,0.0888888888888888,0.2857142857142857,0.2857142857142857,0.2857142857142857,0.2857142857142857
Unimodal,Round 6,Reference Resolution,"[300, 150]",100.0,32.0,0.0001,pair05,Baseline,0.0,0.0,0.0,0.0,0.0,0.0,0.0
Unimodal,Round 1,Reference Resolution,"[300, 150]",100.0,32.0,0.0001,pair07,Baseline,0.052127659574468,0.0673758865248227,0.0561296859169199,0.1052631578947368,0.1052631578947368,0.1052631578947368,0.1052631578947368
Unimodal,Round 2,Reference Resolution,"[300, 150]",100.0,32.0,0.0001,pair07,Baseline,0.0257452574525745,0.048780487804878,0.0269576379974326,0.0930232558139534,0.0930232558139534,0.0930232558139534,0.0930232558139534
Unimodal,Round 3,Reference Resolution,"[300, 150]",100.0,32.0,0.0001,pair07,Baseline,0.0933333333333333,0.08,0.0826666666666666,0.125,0.125,0.125,0.125
Unimodal,Round 4,Reference Resolution,"[300, 150]",100.0,32.0,0.0001,pair07,Baseline,0.0321428571428571,0.075,0.0444444444444444,0.1052631578947368,0.1052631578947368,0.1052631578947368,0.1052631578947368
Unimodal,Round 5,Reference Resolution,"[300, 150]",100.0,32.0,0.0001,pair07,Baseline,0.0735294117647058,0.0784313725490196,0.0529411764705882,0.125,0.125,0.125,0.125
Unimodal,Round 6,Reference Resolution,"[300, 150]",100.0,32.0,0.0001,pair07,Baseline,0.125,0.2,0.1399999999999999,0.25,0.25,0.25,0.25
Unimodal,Round 1,Reference Resolution,"[300, 150]",100.0,32.0,0.0001,pair08,Baseline,0.0820938215102975,0.0610182864568829,0.0623277440869365,0.1610738255033557,0.1610738255033557,0.1610738255033557,0.1610738255033557
Unimodal,Round 2,Reference Resolution,"[300, 150]",100.0,32.0,0.0001,pair08,Baseline,0.0220735785953177,0.0403846153846153,0.0284023668639053,0.1666666666666666,0.1666666666666666,0.1666666666666666,0.1666666666666666
Unimodal,Round 3,Reference Resolution,"[300, 150]",100.0,32.0,0.0001,pair08,Baseline,0.0350877192982456,0.0647773279352226,0.0452744765138653,0.1702127659574468,0.1702127659574468,0.1702127659574468,0.1702127659574468
Unimodal,Round 4,Reference Resolution,"[300, 150]",100.0,32.0,0.0001,pair08,Baseline,0.0408602150537634,0.0982404692082111,0.0546732837055417,0.2093023255813953,0.2093023255813953,0.2093023255813953,0.2093023255813953
Unimodal,Round 5,Reference Resolution,"[300, 150]",100.0,32.0,0.0001,pair08,Baseline,0.0699404761904761,0.1517857142857142,0.0952380952380952,0.1851851851851851,0.1851851851851851,0.1851851851851851,0.1851851851851851
Unimodal,Round 6,Reference Resolution,"[300, 150]",100.0,32.0,0.0001,pair08,Baseline,0.0571428571428571,0.1021825396825397,0.0673469387755101,0.1951219512195122,0.1951219512195122,0.1951219512195122,0.1951219512195122
Unimodal,Round 1,Reference Resolution,"[300, 150]",100.0,32.0,0.0001,pair09,Baseline,0.0572327044025157,0.0734501347708894,0.0504043126684636,0.1098901098901098,0.1098901098901098,0.1098901098901098,0.1098901098901098
Unimodal,Round 2,Reference Resolution,"[300, 150]",100.0,32.0,0.0001,pair09,Baseline,0.044047619047619,0.0714285714285714,0.0511904761904761,0.1020408163265306,0.1020408163265306,0.1020408163265306,0.1020408163265306
Unimodal,Round 3,Reference Resolution,"[300, 150]",100.0,32.0,0.0001,pair09,Baseline,0.0416666666666666,0.0625,0.0446428571428571,0.073170731707317,0.073170731707317,0.073170731707317,0.073170731707317
Unimodal,Round 4,Reference Resolution,"[300, 150]",100.0,32.0,0.0001,pair09,Baseline,0.0175438596491228,0.0263157894736842,0.0210526315789473,0.0606060606060606,0.0606060606060606,0.0606060606060606,0.0606060606060606
Unimodal,Round 5,Reference Resolution,"[300, 150]",100.0,32.0,0.0001,pair09,Baseline,0.0347222222222222,0.0833333333333333,0.0481481481481481,0.088235294117647,0.088235294117647,0.088235294117647,0.088235294117647
Unimodal,Round 6,Reference Resolution,"[300, 150]",100.0,32.0,0.0001,pair09,Baseline,0.0285714285714285,0.0285714285714285,0.0285714285714285,0.0344827586206896,0.0344827586206896,0.0344827586206896,0.0344827586206896
Unimodal,Round 1,Reference Resolution,"[300, 150]",100.0,32.0,0.0001,pair10,Baseline,0.0,0.0,0.0,0.0,0.0,0.0,0.0
Unimodal,Round 2,Reference Resolution,"[300, 150]",100.0,32.0,0.0001,pair10,Baseline,0.0,0.0,0.0,0.0,0.0,0.0,0.0
Unimodal,Round 3,Reference Resolution,"[300, 150]",100.0,32.0,0.0001,pair10,Baseline,0.0,0.0,0.0,0.0,0.0,0.0,0.0
Unimodal,Round 4,Reference Resolution,"[300, 150]",100.0,32.0,0.0001,pair10,Baseline,0.0,0.0,0.0,0.0,0.0,0.0,0.0
Unimodal,Round 5,Reference Resolution,"[300, 150]",100.0,32.0,0.0001,pair10,Baseline,0.0,0.0,0.0,0.0,0.0,0.0,0.0
Unimodal,Round 6,Reference Resolution,"[300, 150]",100.0,32.0,0.0001,pair10,Baseline,0.0625,0.25,0.1,0.25,0.25,0.25,0.25
Unimodal,Round 1,Reference Resolution,"[300, 150]",100.0,32.0,0.0001,pair11,Baseline,0.0862068965517241,0.0603448275862069,0.0689655172413793,0.0638297872340425,0.0638297872340425,0.0638297872340425,0.0638297872340425
Unimodal,Round 2,Reference Resolution,"[300, 150]",100.0,32.0,0.0001,pair11,Baseline,0.0,0.0,0.0,0.0,0.0,0.0,0.0
Unimodal,Round 3,Reference Resolution,"[300, 150]",100.0,32.0,0.0001,pair11,Baseline,0.1111111111111111,0.1111111111111111,0.1111111111111111,0.125,0.125,0.125,0.125
Unimodal,Round 4,Reference Resolution,"[300, 150]",100.0,32.0,0.0001,pair11,Baseline,0.0,0.0,0.0,0.0,0.0,0.0,0.0
Unimodal,Round 5,Reference Resolution,"[300, 150]",100.0,32.0,0.0001,pair11,Baseline,0.0,0.0,0.0,0.0,0.0,0.0,0.0
Unimodal,Round 6,Reference Resolution,"[300, 150]",100.0,32.0,0.0001,pair11,Baseline,0.0714285714285714,0.1666666666666666,0.0833333333333333,0.2,0.2,0.2,0.2
Unimodal,Round 1,Reference Resolution,"[300, 150]",100.0,32.0,0.0001,pair12,Baseline,0.0059523809523809,0.0119047619047619,0.0079365079365079,0.0303030303030303,0.0303030303030303,0.0303030303030303,0.0303030303030303
Unimodal,Round 2,Reference Resolution,"[300, 150]",100.0,32.0,0.0001,pair12,Baseline,0.1212121212121212,0.1818181818181818,0.1363636363636363,0.25,0.25,0.25,0.25
Unimodal,Round 3,Reference Resolution,"[300, 150]",100.0,32.0,0.0001,pair12,Baseline,0.0,0.0,0.0,0.0,0.0,0.0,0.0
Unimodal,Round 4,Reference Resolution,"[300, 150]",100.0,32.0,0.0001,pair12,Baseline,0.0625,0.125,0.0833333333333333,0.2,0.2,0.2,0.2
Unimodal,Round 5,Reference Resolution,"[300, 150]",100.0,32.0,0.0001,pair12,Baseline,0.0,0.0,0.0,0.0,0.0,0.0,0.0
Unimodal,Round 1,Reference Resolution,"[300, 150]",100.0,32.0,0.0001,pair13,Baseline,0.0372742882463719,0.0459510357815442,0.0385879657066097,0.0919540229885057,0.0919540229885057,0.0919540229885057,0.0919540229885057
Unimodal,Round 2,Reference Resolution,"[300, 150]",100.0,32.0,0.0001,pair13,Baseline,0.0775862068965517,0.0748768472906403,0.0607142857142857,0.1388888888888889,0.1388888888888889,0.1388888888888889,0.1388888888888889
Unimodal,Round 3,Reference Resolution,"[300, 150]",100.0,32.0,0.0001,pair13,Baseline,0.0666666666666666,0.0877551020408163,0.069172932330827,0.2,0.2,0.2,0.2
Unimodal,Round 4,Reference Resolution,"[300, 150]",100.0,32.0,0.0001,pair13,Baseline,0.02,0.05,0.0227272727272727,0.074074074074074,0.074074074074074,0.074074074074074,0.074074074074074
Unimodal,Round 5,Reference Resolution,"[300, 150]",100.0,32.0,0.0001,pair13,Baseline,0.0493589743589743,0.075,0.0562091503267973,0.1612903225806451,0.1612903225806451,0.1612903225806451,0.1612903225806451
Unimodal,Round 6,Reference Resolution,"[300, 150]",100.0,32.0,0.0001,pair13,Baseline,0.0178571428571428,0.0357142857142857,0.0238095238095238,0.0357142857142857,0.0357142857142857,0.0357142857142857,0.0357142857142857
Unimodal,Round 1,Reference Resolution,"[300, 150]",100.0,32.0,0.0001,pair14,Baseline,0.0161124794745484,0.0301724137931034,0.018431855500821,0.0347826086956521,0.0347826086956521,0.0347826086956521,0.0347826086956521
Unimodal,Round 2,Reference Resolution,"[300, 150]",100.0,32.0,0.0001,pair14,Baseline,0.0356401384083044,0.0830065359477124,0.0460487225193107,0.0934579439252336,0.0934579439252336,0.0934579439252336,0.0934579439252336
Unimodal,Round 3,Reference Resolution,"[300, 150]",100.0,32.0,0.0001,pair14,Baseline,0.0678091397849462,0.1017857142857142,0.0760964912280701,0.1379310344827586,0.1379310344827586,0.1379310344827586,0.1379310344827586
Unimodal,Round 4,Reference Resolution,"[300, 150]",100.0,32.0,0.0001,pair14,Baseline,0.0153609831029185,0.064516129032258,0.0241935483870967,0.054054054054054,0.054054054054054,0.054054054054054,0.054054054054054
Unimodal,Round 5,Reference Resolution,"[300, 150]",100.0,32.0,0.0001,pair14,Baseline,0.0108024691358024,0.0138888888888888,0.0121527777777777,0.1555555555555555,0.1555555555555555,0.1555555555555555,0.1555555555555555
Unimodal,Round 6,Reference Resolution,"[300, 150]",100.0,32.0,0.0001,pair14,Baseline,0.0456989247311828,0.0591397849462365,0.0415770609318996,0.125,0.125,0.125,0.125
Unimodal,Round 1,Reference Resolution,"[300, 150]",100.0,32.0,0.0001,pair15,Baseline,0.0238455988455988,0.0534920634920634,0.0298001215990272,0.0680272108843537,0.0680272108843537,0.0680272108843537,0.0680272108843537
Unimodal,Round 2,Reference Resolution,"[300, 150]",100.0,32.0,0.0001,pair15,Baseline,0.0184017595307917,0.0241935483870967,0.0147003534100308,0.0272727272727272,0.0272727272727272,0.0272727272727272,0.0272727272727272
Unimodal,Round 3,Reference Resolution,"[300, 150]",100.0,32.0,0.0001,pair15,Baseline,0.0666666666666666,0.0716374269005847,0.0686980609418282,0.125,0.125,0.125,0.125
Unimodal,Round 4,Reference Resolution,"[300, 150]",100.0,32.0,0.0001,pair15,Baseline,0.04,0.04,0.04,0.0384615384615384,0.0384615384615384,0.0384615384615384,0.0384615384615384
Unimodal,Round 5,Reference Resolution,"[300, 150]",100.0,32.0,0.0001,pair15,Baseline,0.0,0.0,0.0,0.0,0.0,0.0,0.0
Unimodal,Round 6,Reference Resolution,"[300, 150]",100.0,32.0,0.0001,pair15,Baseline,0.1363636363636363,0.1818181818181818,0.1515151515151515,0.2,0.2,0.2,0.2
Unimodal,Round 1,Reference Resolution,"[300, 150]",100.0,32.0,0.0001,pair16,Baseline,0.0714600550964187,0.1097402597402597,0.0767272727272727,0.1222222222222222,0.1222222222222222,0.1222222222222222,0.1222222222222222
Unimodal,Round 2,Reference Resolution,"[300, 150]",100.0,32.0,0.0001,pair16,Baseline,0.0140873015873015,0.0416666666666666,0.0199074074074074,0.0597014925373134,0.0597014925373134,0.0597014925373134,0.0597014925373134
Unimodal,Round 3,Reference Resolution,"[300, 150]",100.0,32.0,0.0001,pair16,Baseline,0.0277777777777777,0.0416666666666666,0.0317460317460317,0.0714285714285714,0.0714285714285714,0.0714285714285714,0.0714285714285714
Unimodal,Round 4,Reference Resolution,"[300, 150]",100.0,32.0,0.0001,pair16,Baseline,0.0316666666666666,0.1,0.0466666666666666,0.125,0.125,0.125,0.125
Unimodal,Round 5,Reference Resolution,"[300, 150]",100.0,32.0,0.0001,pair16,Baseline,0.0,0.0,0.0,0.0,0.0,0.0,0.0
Unimodal,Round 6,Reference Resolution,"[300, 150]",100.0,32.0,0.0001,pair16,Baseline,0.0,0.0,0.0,0.0,0.0,0.0,0.0
Unimodal,Round 1,Reference Resolution,"[300, 150]",100.0,32.0,0.0001,pair17,Baseline,0.0212827988338192,0.0510204081632653,0.0269679300291545,0.05,0.05,0.05,0.05
Unimodal,Round 2,Reference Resolution,"[300, 150]",100.0,32.0,0.0001,pair17,Baseline,0.1,0.1,0.1,0.1304347826086956,0.1304347826086956,0.1304347826086956,0.1304347826086956
Unimodal,Round 3,Reference Resolution,"[300, 150]",100.0,32.0,0.0001,pair17,Baseline,0.0,0.0,0.0,0.0,0.0,0.0,0.0
Unimodal,Round 4,Reference Resolution,"[300, 150]",100.0,32.0,0.0001,pair17,Baseline,0.0555555555555555,0.1666666666666666,0.0833333333333333,0.2,0.2,0.2,0.2
Unimodal,Round 5,Reference Resolution,"[300, 150]",100.0,32.0,0.0001,pair17,Baseline,0.0,0.0,0.0,0.0,0.0,0.0,0.0
Unimodal,Round 1,Reference Resolution,"[300, 150]",100.0,32.0,0.0001,pair18,Baseline,0.0866666666666666,0.0816666666666666,0.0622510822510822,0.1041666666666666,0.1041666666666666,0.1041666666666666,0.1041666666666666
Unimodal,Round 2,Reference Resolution,"[300, 150]",100.0,32.0,0.0001,pair18,Baseline,0.125,0.1041666666666666,0.1111111111111111,0.12,0.12,0.12,0.12
Unimodal,Round 3,Reference Resolution,"[300, 150]",100.0,32.0,0.0001,pair18,Baseline,0.1555555555555555,0.1666666666666666,0.1504629629629629,0.25,0.25,0.25,0.25
Unimodal,Round 4,Reference Resolution,"[300, 150]",100.0,32.0,0.0001,pair18,Baseline,0.0166666666666666,0.0166666666666666,0.0166666666666666,0.1052631578947368,0.1052631578947368,0.1052631578947368,0.1052631578947368
Unimodal,Round 5,Reference Resolution,"[300, 150]",100.0,32.0,0.0001,pair18,Baseline,0.0694444444444444,0.125,0.0888888888888888,0.2222222222222222,0.2222222222222222,0.2222222222222222,0.2222222222222222
Unimodal,Round 6,Reference Resolution,"[300, 150]",100.0,32.0,0.0001,pair18,Baseline,0.0222222222222222,0.0266666666666666,0.0242424242424242,0.1538461538461538,0.1538461538461538,0.1538461538461538,0.1538461538461538
Unimodal,Round 1,Reference Resolution,"[300, 150]",100.0,32.0,0.0001,pair20,Baseline,0.0621460506706408,0.0969945355191256,0.0568948355833601,0.0887096774193548,0.0887096774193548,0.0887096774193548,0.0887096774193548
Unimodal,Round 2,Reference Resolution,"[300, 150]",100.0,32.0,0.0001,pair20,Baseline,0.1016666666666666,0.125,0.1038690476190476,0.1777777777777777,0.1777777777777777,0.1777777777777777,0.1777777777777777
Unimodal,Round 3,Reference Resolution,"[300, 150]",100.0,32.0,0.0001,pair20,Baseline,0.0390625,0.0625,0.04375,0.074074074074074,0.074074074074074,0.074074074074074,0.074074074074074
Unimodal,Round 4,Reference Resolution,"[300, 150]",100.0,32.0,0.0001,pair20,Baseline,0.0,0.0,0.0,0.0,0.0,0.0,0.0
Unimodal,Round 5,Reference Resolution,"[300, 150]",100.0,32.0,0.0001,pair20,Baseline,0.1527777777777777,0.25,0.1805555555555555,0.3333333333333333,0.3333333333333333,0.3333333333333333,0.3333333333333333
Unimodal,Round 6,Reference Resolution,"[300, 150]",100.0,32.0,0.0001,pair20,Baseline,0.0,0.0,0.0,0.0,0.0,0.0,0.0
Unimodal,Round 1,Reference Resolution,"[300, 150]",100.0,32.0,0.0001,pair21,Baseline,0.008,0.03,0.0126315789473684,0.088235294117647,0.088235294117647,0.088235294117647,0.088235294117647
Unimodal,Round 2,Reference Resolution,"[300, 150]",100.0,32.0,0.0001,pair21,Baseline,0.0366568914956011,0.032258064516129,0.0284178187403993,0.1052631578947368,0.1052631578947368,0.1052631578947368,0.1052631578947368
Unimodal,Round 3,Reference Resolution,"[300, 150]",100.0,32.0,0.0001,pair21,Baseline,0.0317460317460317,0.0408163265306122,0.0357142857142857,0.25,0.25,0.25,0.25
Unimodal,Round 4,Reference Resolution,"[300, 150]",100.0,32.0,0.0001,pair21,Baseline,0.0160427807486631,0.0588235294117647,0.0252100840336134,0.1764705882352941,0.1764705882352941,0.1764705882352941,0.1764705882352941
Unimodal,Round 6,Reference Resolution,"[300, 150]",100.0,32.0,0.0001,pair21,Baseline,0.0416666666666666,0.0416666666666666,0.0416666666666666,0.125,0.125,0.125,0.125
Unimodal,Round 1,Reference Resolution,"[300, 150]",100.0,32.0,0.0001,pair22,Baseline,0.053422756706753,0.0358781810596579,0.0382978723404255,0.1058823529411764,0.1058823529411764,0.1058823529411764,0.1058823529411764
Unimodal,Round 2,Reference Resolution,"[300, 150]",100.0,32.0,0.0001,pair22,Baseline,0.0460858585858585,0.0689935064935065,0.053510101010101,0.1408450704225352,0.1408450704225352,0.1408450704225352,0.1408450704225352
Unimodal,Round 3,Reference Resolution,"[300, 150]",100.0,32.0,0.0001,pair22,Baseline,0.0268939393939393,0.0562770562770562,0.0322192513368983,0.074074074074074,0.074074074074074,0.074074074074074,0.074074074074074
Unimodal,Round 4,Reference Resolution,"[300, 150]",100.0,32.0,0.0001,pair22,Baseline,0.0357142857142857,0.0765306122448979,0.0471611721611721,0.1034482758620689,0.1034482758620689,0.1034482758620689,0.1034482758620689
Unimodal,Round 5,Reference Resolution,"[300, 150]",100.0,32.0,0.0001,pair22,Baseline,0.0606060606060606,0.0606060606060606,0.0606060606060606,0.0714285714285714,0.0714285714285714,0.0714285714285714,0.0714285714285714
Unimodal,Round 6,Reference Resolution,"[300, 150]",100.0,32.0,0.0001,pair22,Baseline,0.0591397849462365,0.0403225806451612,0.0419354838709677,0.1034482758620689,0.1034482758620689,0.1034482758620689,0.1034482758620689
Unimodal,Round 1,Reference Resolution,"[300, 150]",100.0,32.0,0.0001,pair23,Baseline,0.0625757575757575,0.0858585858585858,0.068280204643841,0.1477272727272727,0.1477272727272727,0.1477272727272727,0.1477272727272727
Unimodal,Round 2,Reference Resolution,"[300, 150]",100.0,32.0,0.0001,pair23,Baseline,0.037748171368861,0.0734811165845648,0.0482758620689655,0.1067961165048543,0.1067961165048543,0.1067961165048543,0.1067961165048543
Unimodal,Round 3,Reference Resolution,"[300, 150]",100.0,32.0,0.0001,pair23,Baseline,0.0962570621468926,0.1418849512069851,0.1040579320240337,0.1888888888888888,0.1888888888888888,0.1888888888888888,0.1888888888888888
Unimodal,Round 4,Reference Resolution,"[300, 150]",100.0,32.0,0.0001,pair23,Baseline,0.0544444444444444,0.1033333333333333,0.0683333333333333,0.1071428571428571,0.1071428571428571,0.1071428571428571,0.1071428571428571
Unimodal,Round 5,Reference Resolution,"[300, 150]",100.0,32.0,0.0001,pair23,Baseline,0.076797385620915,0.1078431372549019,0.076844070961718,0.1384615384615384,0.1384615384615384,0.1384615384615384,0.1384615384615384
Unimodal,Round 6,Reference Resolution,"[300, 150]",100.0,32.0,0.0001,pair23,Baseline,0.071574074074074,0.0874074074074074,0.067089947089947,0.1568627450980392,0.1568627450980392,0.1568627450980392,0.1568627450980392
Unimodal,Round 1,Reference Resolution,"[300, 150]",100.0,32.0,0.0001,pair24,Baseline,0.0361111111111111,0.028125,0.0296078431372549,0.0519480519480519,0.0519480519480519,0.0519480519480519,0.0519480519480519
Unimodal,Round 2,Reference Resolution,"[300, 150]",100.0,32.0,0.0001,pair24,Baseline,0.08,0.0266666666666666,0.04,0.05,0.05,0.05,0.05
Unimodal,Round 3,Reference Resolution,"[300, 150]",100.0,32.0,0.0001,pair24,Baseline,0.0,0.0,0.0,0.0,0.0,0.0,0.0
Unimodal,Round 4,Reference Resolution,"[300, 150]",100.0,32.0,0.0001,pair24,Baseline,0.1,0.1,0.1,0.1666666666666666,0.1666666666666666,0.1666666666666666,0.1666666666666666
Unimodal,Round 1,Reference Resolution,"[300, 150]",100.0,32.0,0.0001,pair04,Dialogue-Specific,0.0237754761564285,0.0330859616573902,0.0249310250415955,0.1030927835051546,0.1030927835051546,0.1030927835051546,0.1030927835051546
Unimodal,Round 2,Reference Resolution,"[300, 150]",100.0,32.0,0.0001,pair04,Dialogue-Specific,0.0149557075577483,0.018548044217687,0.0126727074095495,0.09375,0.09375,0.09375,0.09375
Unimodal,Round 3,Reference Resolution,"[300, 150]",100.0,32.0,0.0001,pair04,Dialogue-Specific,0.0531199901344185,0.0864779874213836,0.0625394124418197,0.125,0.125,0.125,0.125
Unimodal,Round 4,Reference Resolution,"[300, 150]",100.0,32.0,0.0001,pair04,Dialogue-Specific,0.0201754385964912,0.0324561403508772,0.0247756142492984,0.1428571428571428,0.1428571428571428,0.1428571428571428,0.1428571428571428
Unimodal,Round 5,Reference Resolution,"[300, 150]",100.0,32.0,0.0001,pair04,Dialogue-Specific,0.0525054466230936,0.059912854030501,0.0545388525780682,0.1011235955056179,0.1011235955056179,0.1011235955056179,0.1011235955056179
Unimodal,Round 6,Reference Resolution,"[300, 150]",100.0,32.0,0.0001,pair04,Dialogue-Specific,0.0750566893424036,0.0793650793650793,0.0702226345083487,0.1666666666666666,0.1666666666666666,0.1666666666666666,0.1666666666666666
Unimodal,Round 1,Reference Resolution,"[300, 150]",100.0,32.0,0.0001,pair05,Dialogue-Specific,0.0695652173913043,0.0471014492753623,0.0507246376811594,0.1666666666666666,0.1666666666666666,0.1666666666666666,0.1666666666666666
Unimodal,Round 2,Reference Resolution,"[300, 150]",100.0,32.0,0.0001,pair05,Dialogue-Specific,0.0,0.0,0.0,0.0,0.0,0.0,0.0
Unimodal,Round 3,Reference Resolution,"[300, 150]",100.0,32.0,0.0001,pair05,Dialogue-Specific,0.0,0.0,0.0,0.0,0.0,0.0,0.0
Unimodal,Round 4,Reference Resolution,"[300, 150]",100.0,32.0,0.0001,pair05,Dialogue-Specific,0.0,0.0,0.0,0.0,0.0,0.0,0.0
Unimodal,Round 5,Reference Resolution,"[300, 150]",100.0,32.0,0.0001,pair05,Dialogue-Specific,0.1,0.1,0.1,0.2857142857142857,0.2857142857142857,0.2857142857142857,0.2857142857142857
Unimodal,Round 6,Reference Resolution,"[300, 150]",100.0,32.0,0.0001,pair05,Dialogue-Specific,0.3333333333333333,0.3333333333333333,0.3333333333333333,0.5,0.5,0.5,0.5
Unimodal,Round 1,Reference Resolution,"[300, 150]",100.0,32.0,0.0001,pair07,Dialogue-Specific,0.0567375886524822,0.0425531914893617,0.0468085106382978,0.0736842105263157,0.0736842105263157,0.0736842105263157,0.0736842105263157
Unimodal,Round 2,Reference Resolution,"[300, 150]",100.0,32.0,0.0001,pair07,Dialogue-Specific,0.0789473684210526,0.0833333333333333,0.0780701754385965,0.1162790697674418,0.1162790697674418,0.1162790697674418,0.1162790697674418
Unimodal,Round 3,Reference Resolution,"[300, 150]",100.0,32.0,0.0001,pair07,Dialogue-Specific,0.1346153846153846,0.1153846153846153,0.1217948717948717,0.1666666666666666,0.1666666666666666,0.1666666666666666,0.1666666666666666
Unimodal,Round 4,Reference Resolution,"[300, 150]",100.0,32.0,0.0001,pair07,Dialogue-Specific,0.0069444444444444,0.0208333333333333,0.0104166666666666,0.0526315789473684,0.0526315789473684,0.0526315789473684,0.0526315789473684
Unimodal,Round 5,Reference Resolution,"[300, 150]",100.0,32.0,0.0001,pair07,Dialogue-Specific,0.074074074074074,0.074074074074074,0.0555555555555555,0.125,0.125,0.125,0.125
Unimodal,Round 6,Reference Resolution,"[300, 150]",100.0,32.0,0.0001,pair07,Dialogue-Specific,0.0757575757575757,0.1818181818181818,0.106060606060606,0.25,0.25,0.25,0.25
Unimodal,Round 1,Reference Resolution,"[300, 150]",100.0,32.0,0.0001,pair08,Dialogue-Specific,0.0590643274853801,0.0504223521767381,0.046807301654947,0.1275167785234899,0.1275167785234899,0.1275167785234899,0.1275167785234899
Unimodal,Round 2,Reference Resolution,"[300, 150]",100.0,32.0,0.0001,pair08,Dialogue-Specific,0.0636446886446886,0.0689903846153846,0.0627165627165627,0.2222222222222222,0.2222222222222222,0.2222222222222222,0.2222222222222222
Unimodal,Round 3,Reference Resolution,"[300, 150]",100.0,32.0,0.0001,pair08,Dialogue-Specific,0.0648809523809523,0.1296703296703296,0.0852216748768472,0.2340425531914893,0.2340425531914893,0.2340425531914893,0.2340425531914893
Unimodal,Round 4,Reference Resolution,"[300, 150]",100.0,32.0,0.0001,pair08,Dialogue-Specific,0.0419768403639371,0.0791788856304985,0.0532258064516129,0.1860465116279069,0.1860465116279069,0.1860465116279069,0.1860465116279069
Unimodal,Round 5,Reference Resolution,"[300, 150]",100.0,32.0,0.0001,pair08,Dialogue-Specific,0.1061728395061728,0.2129629629629629,0.1378600823045267,0.2592592592592592,0.2592592592592592,0.2592592592592592,0.2592592592592592
Unimodal,Round 6,Reference Resolution,"[300, 150]",100.0,32.0,0.0001,pair08,Dialogue-Specific,0.0992484526967285,0.1666666666666666,0.114977359804946,0.2682926829268293,0.2682926829268293,0.2682926829268293,0.2682926829268293
Unimodal,Round 1,Reference Resolution,"[300, 150]",100.0,32.0,0.0001,pair09,Dialogue-Specific,0.0424679487179487,0.0817307692307692,0.0466727716727716,0.0879120879120879,0.0879120879120879,0.0879120879120879,0.0879120879120879
Unimodal,Round 2,Reference Resolution,"[300, 150]",100.0,32.0,0.0001,pair09,Dialogue-Specific,0.0396825396825396,0.0634920634920634,0.0476190476190476,0.0816326530612244,0.0816326530612244,0.0816326530612244,0.0816326530612244
Unimodal,Round 3,Reference Resolution,"[300, 150]",100.0,32.0,0.0001,pair09,Dialogue-Specific,0.0,0.0,0.0,0.0,0.0,0.0,0.0
Unimodal,Round 4,Reference Resolution,"[300, 150]",100.0,32.0,0.0001,pair09,Dialogue-Specific,0.1052631578947368,0.1052631578947368,0.1008771929824561,0.1818181818181818,0.1818181818181818,0.1818181818181818,0.1818181818181818
Unimodal,Round 5,Reference Resolution,"[300, 150]",100.0,32.0,0.0001,pair09,Dialogue-Specific,0.063063063063063,0.1081081081081081,0.0765765765765765,0.1176470588235294,0.1176470588235294,0.1176470588235294,0.1176470588235294
Unimodal,Round 6,Reference Resolution,"[300, 150]",100.0,32.0,0.0001,pair09,Dialogue-Specific,0.1285714285714285,0.2,0.1523809523809523,0.2413793103448276,0.2413793103448276,0.2413793103448276,0.2413793103448276
Unimodal,Round 1,Reference Resolution,"[300, 150]",100.0,32.0,0.0001,pair10,Dialogue-Specific,0.0042735042735042,0.0384615384615384,0.0076923076923076,0.0416666666666666,0.0416666666666666,0.0416666666666666,0.0416666666666666
Unimodal,Round 2,Reference Resolution,"[300, 150]",100.0,32.0,0.0001,pair10,Dialogue-Specific,0.0555555555555555,0.1111111111111111,0.074074074074074,0.1666666666666666,0.1666666666666666,0.1666666666666666,0.1666666666666666
Unimodal,Round 3,Reference Resolution,"[300, 150]",100.0,32.0,0.0001,pair10,Dialogue-Specific,0.0,0.0,0.0,0.0,0.0,0.0,0.0
Unimodal,Round 4,Reference Resolution,"[300, 150]",100.0,32.0,0.0001,pair10,Dialogue-Specific,0.0,0.0,0.0,0.0,0.0,0.0,0.0
Unimodal,Round 5,Reference Resolution,"[300, 150]",100.0,32.0,0.0001,pair10,Dialogue-Specific,0.0,0.0,0.0,0.0,0.0,0.0,0.0
Unimodal,Round 6,Reference Resolution,"[300, 150]",100.0,32.0,0.0001,pair10,Dialogue-Specific,0.125,0.25,0.1666666666666666,0.25,0.25,0.25,0.25
Unimodal,Round 1,Reference Resolution,"[300, 150]",100.0,32.0,0.0001,pair11,Dialogue-Specific,0.0915178571428571,0.0625,0.0634920634920634,0.0851063829787234,0.0851063829787234,0.0851063829787234,0.0851063829787234
Unimodal,Round 2,Reference Resolution,"[300, 150]",100.0,32.0,0.0001,pair11,Dialogue-Specific,0.0,0.0,0.0,0.0,0.0,0.0,0.0
Unimodal,Round 3,Reference Resolution,"[300, 150]",100.0,32.0,0.0001,pair11,Dialogue-Specific,0.1111111111111111,0.1111111111111111,0.1111111111111111,0.125,0.125,0.125,0.125
Unimodal,Round 4,Reference Resolution,"[300, 150]",100.0,32.0,0.0001,pair11,Dialogue-Specific,0.0,0.0,0.0,0.0,0.0,0.0,0.0
Unimodal,Round 5,Reference Resolution,"[300, 150]",100.0,32.0,0.0001,pair11,Dialogue-Specific,0.2,0.2,0.2,0.3333333333333333,0.3333333333333333,0.3333333333333333,0.3333333333333333
Unimodal,Round 6,Reference Resolution,"[300, 150]",100.0,32.0,0.0001,pair11,Dialogue-Specific,0.28125,0.375,0.3,0.4,0.4,0.4,0.4
Unimodal,Round 1,Reference Resolution,"[300, 150]",100.0,32.0,0.0001,pair12,Dialogue-Specific,0.0071428571428571,0.0119047619047619,0.0089285714285714,0.0303030303030303,0.0303030303030303,0.0303030303030303,0.0303030303030303
Unimodal,Round 2,Reference Resolution,"[300, 150]",100.0,32.0,0.0001,pair12,Dialogue-Specific,0.1666666666666666,0.1666666666666666,0.1666666666666666,0.25,0.25,0.25,0.25
Unimodal,Round 3,Reference Resolution,"[300, 150]",100.0,32.0,0.0001,pair12,Dialogue-Specific,0.0,0.0,0.0,0.0,0.0,0.0,0.0
Unimodal,Round 4,Reference Resolution,"[300, 150]",100.0,32.0,0.0001,pair12,Dialogue-Specific,0.0625,0.125,0.0833333333333333,0.2,0.2,0.2,0.2
Unimodal,Round 5,Reference Resolution,"[300, 150]",100.0,32.0,0.0001,pair12,Dialogue-Specific,0.0,0.0,0.0,0.0,0.0,0.0,0.0
Unimodal,Round 1,Reference Resolution,"[300, 150]",100.0,32.0,0.0001,pair13,Dialogue-Specific,0.0465719839968063,0.0843691148775894,0.0561066321356878,0.1091954022988505,0.1091954022988505,0.1091954022988505,0.1091954022988505
Unimodal,Round 2,Reference Resolution,"[300, 150]",100.0,32.0,0.0001,pair13,Dialogue-Specific,0.1036184210526315,0.1014619883040935,0.0882813093339409,0.1388888888888889,0.1388888888888889,0.1388888888888889,0.1388888888888889
Unimodal,Round 3,Reference Resolution,"[300, 150]",100.0,32.0,0.0001,pair13,Dialogue-Specific,0.0557291666666666,0.0662202380952381,0.0527398459383753,0.1428571428571428,0.1428571428571428,0.1428571428571428,0.1428571428571428
Unimodal,Round 4,Reference Resolution,"[300, 150]",100.0,32.0,0.0001,pair13,Dialogue-Specific,0.0444444444444444,0.0333333333333333,0.0355555555555555,0.074074074074074,0.074074074074074,0.074074074074074,0.074074074074074
Unimodal,Round 5,Reference Resolution,"[300, 150]",100.0,32.0,0.0001,pair13,Dialogue-Specific,0.0607638888888888,0.0859375,0.0673076923076923,0.1290322580645161,0.1290322580645161,0.1290322580645161,0.1290322580645161
Unimodal,Round 6,Reference Resolution,"[300, 150]",100.0,32.0,0.0001,pair13,Dialogue-Specific,0.057471264367816,0.0827586206896551,0.0642633228840125,0.1428571428571428,0.1428571428571428,0.1428571428571428,0.1428571428571428
Unimodal,Round 1,Reference Resolution,"[300, 150]",100.0,32.0,0.0001,pair14,Dialogue-Specific,0.0258888888888888,0.0416666666666666,0.0291225749559082,0.0521739130434782,0.0521739130434782,0.0521739130434782,0.0521739130434782
Unimodal,Round 2,Reference Resolution,"[300, 150]",100.0,32.0,0.0001,pair14,Dialogue-Specific,0.0464743589743589,0.0865384615384615,0.0580738705738705,0.0841121495327102,0.0841121495327102,0.0841121495327102,0.0841121495327102
Unimodal,Round 3,Reference Resolution,"[300, 150]",100.0,32.0,0.0001,pair14,Dialogue-Specific,0.0958188153310104,0.1533101045296167,0.1083623693379791,0.1379310344827586,0.1379310344827586,0.1379310344827586,0.1379310344827586
Unimodal,Round 4,Reference Resolution,"[300, 150]",100.0,32.0,0.0001,pair14,Dialogue-Specific,0.0629032258064516,0.1129032258064516,0.0666666666666666,0.1081081081081081,0.1081081081081081,0.1081081081081081,0.1081081081081081
Unimodal,Round 5,Reference Resolution,"[300, 150]",100.0,32.0,0.0001,pair14,Dialogue-Specific,0.0212962962962962,0.0357142857142857,0.0261813537675606,0.1111111111111111,0.1111111111111111,0.1111111111111111,0.1111111111111111
Unimodal,Round 6,Reference Resolution,"[300, 150]",100.0,32.0,0.0001,pair14,Dialogue-Specific,0.0546875,0.0572916666666666,0.050595238095238,0.125,0.125,0.125,0.125
Unimodal,Round 1,Reference Resolution,"[300, 150]",100.0,32.0,0.0001,pair15,Dialogue-Specific,0.0503463740338482,0.052865213882163,0.0411226637547674,0.0816326530612244,0.0816326530612244,0.0816326530612244,0.0816326530612244
Unimodal,Round 2,Reference Resolution,"[300, 150]",100.0,32.0,0.0001,pair15,Dialogue-Specific,0.0278079710144927,0.0333333333333333,0.0251428571428571,0.0454545454545454,0.0454545454545454,0.0454545454545454,0.0454545454545454
Unimodal,Round 3,Reference Resolution,"[300, 150]",100.0,32.0,0.0001,pair15,Dialogue-Specific,0.0769230769230769,0.0854700854700854,0.0803418803418803,0.1666666666666666,0.1666666666666666,0.1666666666666666,0.1666666666666666
Unimodal,Round 4,Reference Resolution,"[300, 150]",100.0,32.0,0.0001,pair15,Dialogue-Specific,0.0866666666666666,0.088,0.0872727272727272,0.1153846153846153,0.1153846153846153,0.1153846153846153,0.1153846153846153
Unimodal,Round 5,Reference Resolution,"[300, 150]",100.0,32.0,0.0001,pair15,Dialogue-Specific,0.0471380471380471,0.0592592592592592,0.0509259259259259,0.1428571428571428,0.1428571428571428,0.1428571428571428,0.1428571428571428
Unimodal,Round 6,Reference Resolution,"[300, 150]",100.0,32.0,0.0001,pair15,Dialogue-Specific,0.12,0.1333333333333333,0.125,0.2,0.2,0.2,0.2
Unimodal,Round 1,Reference Resolution,"[300, 150]",100.0,32.0,0.0001,pair16,Dialogue-Specific,0.063080808080808,0.0945887445887445,0.0664069264069264,0.1333333333333333,0.1333333333333333,0.1333333333333333,0.1333333333333333
Unimodal,Round 2,Reference Resolution,"[300, 150]",100.0,32.0,0.0001,pair16,Dialogue-Specific,0.0277777777777777,0.0245098039215686,0.0233660130718954,0.044776119402985,0.044776119402985,0.044776119402985,0.044776119402985
Unimodal,Round 3,Reference Resolution,"[300, 150]",100.0,32.0,0.0001,pair16,Dialogue-Specific,0.0161290322580645,0.032258064516129,0.021505376344086,0.0357142857142857,0.0357142857142857,0.0357142857142857,0.0357142857142857
Unimodal,Round 4,Reference Resolution,"[300, 150]",100.0,32.0,0.0001,pair16,Dialogue-Specific,0.0535714285714285,0.1071428571428571,0.0637755102040816,0.125,0.125,0.125,0.125
Unimodal,Round 5,Reference Resolution,"[300, 150]",100.0,32.0,0.0001,pair16,Dialogue-Specific,0.0769230769230769,0.0538461538461538,0.0604395604395604,0.1538461538461538,0.1538461538461538,0.1538461538461538,0.1538461538461538
Unimodal,Round 6,Reference Resolution,"[300, 150]",100.0,32.0,0.0001,pair16,Dialogue-Specific,0.0,0.0,0.0,0.0,0.0,0.0,0.0
Unimodal,Round 1,Reference Resolution,"[300, 150]",100.0,32.0,0.0001,pair17,Dialogue-Specific,0.0437317784256559,0.0714285714285714,0.0499999999999999,0.075,0.075,0.075,0.075
Unimodal,Round 2,Reference Resolution,"[300, 150]",100.0,32.0,0.0001,pair17,Dialogue-Specific,0.1041666666666666,0.125,0.1111111111111111,0.1304347826086956,0.1304347826086956,0.1304347826086956,0.1304347826086956
Unimodal,Round 3,Reference Resolution,"[300, 150]",100.0,32.0,0.0001,pair17,Dialogue-Specific,0.0,0.0,0.0,0.0,0.0,0.0,0.0
Unimodal,Round 4,Reference Resolution,"[300, 150]",100.0,32.0,0.0001,pair17,Dialogue-Specific,0.1666666666666666,0.4,0.2333333333333333,0.4,0.4,0.4,0.4
Unimodal,Round 5,Reference Resolution,"[300, 150]",100.0,32.0,0.0001,pair17,Dialogue-Specific,0.0,0.0,0.0,0.0,0.0,0.0,0.0
Unimodal,Round 1,Reference Resolution,"[300, 150]",100.0,32.0,0.0001,pair18,Dialogue-Specific,0.0841750841750841,0.1181818181818181,0.0808080808080808,0.1666666666666666,0.1666666666666666,0.1666666666666666,0.1666666666666666
Unimodal,Round 2,Reference Resolution,"[300, 150]",100.0,32.0,0.0001,pair18,Dialogue-Specific,0.0,0.0,0.0,0.0,0.0,0.0,0.0
Unimodal,Round 3,Reference Resolution,"[300, 150]",100.0,32.0,0.0001,pair18,Dialogue-Specific,0.2013888888888888,0.21875,0.2013888888888888,0.2916666666666667,0.2916666666666667,0.2916666666666667,0.2916666666666667
Unimodal,Round 4,Reference Resolution,"[300, 150]",100.0,32.0,0.0001,pair18,Dialogue-Specific,0.0263157894736842,0.0175438596491228,0.0210526315789473,0.1052631578947368,0.1052631578947368,0.1052631578947368,0.1052631578947368
Unimodal,Round 5,Reference Resolution,"[300, 150]",100.0,32.0,0.0001,pair18,Dialogue-Specific,0.1153846153846153,0.1153846153846153,0.1025641025641025,0.2222222222222222,0.2222222222222222,0.2222222222222222,0.2222222222222222
Unimodal,Round 6,Reference Resolution,"[300, 150]",100.0,32.0,0.0001,pair18,Dialogue-Specific,0.0329670329670329,0.0461538461538461,0.0384615384615384,0.2307692307692307,0.2307692307692307,0.2307692307692307,0.2307692307692307
Unimodal,Round 1,Reference Resolution,"[300, 150]",100.0,32.0,0.0001,pair20,Dialogue-Specific,0.0731543456543456,0.0944444444444444,0.0643849206349206,0.0887096774193548,0.0887096774193548,0.0887096774193548,0.0887096774193548
Unimodal,Round 2,Reference Resolution,"[300, 150]",100.0,32.0,0.0001,pair20,Dialogue-Specific,0.0739837398373983,0.1097560975609756,0.0842044134727061,0.1555555555555555,0.1555555555555555,0.1555555555555555,0.1555555555555555
Unimodal,Round 3,Reference Resolution,"[300, 150]",100.0,32.0,0.0001,pair20,Dialogue-Specific,0.032258064516129,0.032258064516129,0.032258064516129,0.037037037037037,0.037037037037037,0.037037037037037,0.037037037037037
Unimodal,Round 4,Reference Resolution,"[300, 150]",100.0,32.0,0.0001,pair20,Dialogue-Specific,0.0625,0.0625,0.0625,0.0909090909090909,0.0909090909090909,0.0909090909090909,0.0909090909090909
Unimodal,Round 5,Reference Resolution,"[300, 150]",100.0,32.0,0.0001,pair20,Dialogue-Specific,0.1538461538461538,0.2307692307692307,0.1769230769230769,0.3333333333333333,0.3333333333333333,0.3333333333333333,0.3333333333333333
Unimodal,Round 6,Reference Resolution,"[300, 150]",100.0,32.0,0.0001,pair20,Dialogue-Specific,0.0,0.0,0.0,0.0,0.0,0.0,0.0
Unimodal,Round 1,Reference Resolution,"[300, 150]",100.0,32.0,0.0001,pair21,Dialogue-Specific,0.0044444444444444,0.02,0.0072727272727272,0.0588235294117647,0.0588235294117647,0.0588235294117647,0.0588235294117647
Unimodal,Round 2,Reference Resolution,"[300, 150]",100.0,32.0,0.0001,pair21,Dialogue-Specific,0.0885964912280701,0.0777777777777777,0.0768888888888888,0.1578947368421052,0.1578947368421052,0.1578947368421052,0.1578947368421052
Unimodal,Round 3,Reference Resolution,"[300, 150]",100.0,32.0,0.0001,pair21,Dialogue-Specific,0.0499999999999999,0.0714285714285714,0.0588235294117647,0.4375,0.4375,0.4375,0.4375
Unimodal,Round 4,Reference Resolution,"[300, 150]",100.0,32.0,0.0001,pair21,Dialogue-Specific,0.0488721804511278,0.1052631578947368,0.0666666666666666,0.2352941176470588,0.2352941176470588,0.2352941176470588,0.2352941176470588
Unimodal,Round 6,Reference Resolution,"[300, 150]",100.0,32.0,0.0001,pair21,Dialogue-Specific,0.0416666666666666,0.0416666666666666,0.0416666666666666,0.125,0.125,0.125,0.125
Unimodal,Round 1,Reference Resolution,"[300, 150]",100.0,32.0,0.0001,pair22,Dialogue-Specific,0.0447354064375341,0.0477680433875677,0.0402605970641596,0.1176470588235294,0.1176470588235294,0.1176470588235294,0.1176470588235294
Unimodal,Round 2,Reference Resolution,"[300, 150]",100.0,32.0,0.0001,pair22,Dialogue-Specific,0.0548654244306418,0.0830745341614906,0.0649068322981366,0.1830985915492957,0.1830985915492957,0.1830985915492957,0.1830985915492957
Unimodal,Round 3,Reference Resolution,"[300, 150]",100.0,32.0,0.0001,pair22,Dialogue-Specific,0.0619588744588744,0.0936147186147186,0.0641774891774891,0.1296296296296296,0.1296296296296296,0.1296296296296296,0.1296296296296296
Unimodal,Round 4,Reference Resolution,"[300, 150]",100.0,32.0,0.0001,pair22,Dialogue-Specific,0.0802469135802469,0.1269841269841269,0.0941358024691357,0.2068965517241379,0.2068965517241379,0.2068965517241379,0.2068965517241379
Unimodal,Round 5,Reference Resolution,"[300, 150]",100.0,32.0,0.0001,pair22,Dialogue-Specific,0.0459770114942528,0.0517241379310344,0.0482758620689655,0.0714285714285714,0.0714285714285714,0.0714285714285714,0.0714285714285714
Unimodal,Round 6,Reference Resolution,"[300, 150]",100.0,32.0,0.0001,pair22,Dialogue-Specific,0.1014492753623188,0.1521739130434782,0.117391304347826,0.1724137931034483,0.1724137931034483,0.1724137931034483,0.1724137931034483
Unimodal,Round 1,Reference Resolution,"[300, 150]",100.0,32.0,0.0001,pair23,Dialogue-Specific,0.0441964285714285,0.0679563492063492,0.0524350649350649,0.1477272727272727,0.1477272727272727,0.1477272727272727,0.1477272727272727
Unimodal,Round 2,Reference Resolution,"[300, 150]",100.0,32.0,0.0001,pair23,Dialogue-Specific,0.0498316498316498,0.0982683982683982,0.0565325731179389,0.1359223300970873,0.1359223300970873,0.1359223300970873,0.1359223300970873
Unimodal,Round 3,Reference Resolution,"[300, 150]",100.0,32.0,0.0001,pair23,Dialogue-Specific,0.0747126436781609,0.1111546499477533,0.077791461412151,0.1555555555555555,0.1555555555555555,0.1555555555555555,0.1555555555555555
Unimodal,Round 4,Reference Resolution,"[300, 150]",100.0,32.0,0.0001,pair23,Dialogue-Specific,0.0850399419026869,0.1234567901234568,0.0911164787976382,0.1428571428571428,0.1428571428571428,0.1428571428571428,0.1428571428571428
Unimodal,Round 5,Reference Resolution,"[300, 150]",100.0,32.0,0.0001,pair23,Dialogue-Specific,0.0738095238095238,0.105,0.0734065934065934,0.1846153846153846,0.1846153846153846,0.1846153846153846,0.1846153846153846
Unimodal,Round 6,Reference Resolution,"[300, 150]",100.0,32.0,0.0001,pair23,Dialogue-Specific,0.0710561497326203,0.1007575757575757,0.0683195592286501,0.1568627450980392,0.1568627450980392,0.1568627450980392,0.1568627450980392
Unimodal,Round 1,Reference Resolution,"[300, 150]",100.0,32.0,0.0001,pair24,Dialogue-Specific,0.0244200244200244,0.0228937728937728,0.0201502201502201,0.0649350649350649,0.0649350649350649,0.0649350649350649,0.0649350649350649
Unimodal,Round 2,Reference Resolution,"[300, 150]",100.0,32.0,0.0001,pair24,Dialogue-Specific,0.0185185185185185,0.0123456790123456,0.0148148148148148,0.025,0.025,0.025,0.025
Unimodal,Round 3,Reference Resolution,"[300, 150]",100.0,32.0,0.0001,pair24,Dialogue-Specific,0.1666666666666666,0.1666666666666666,0.1666666666666666,0.25,0.25,0.25,0.25
Unimodal,Round 4,Reference Resolution,"[300, 150]",100.0,32.0,0.0001,pair24,Dialogue-Specific,0.1875,0.25,0.2083333333333333,0.3333333333333333,0.3333333333333333,0.3333333333333333,0.3333333333333333
